{
"type": "FeatureCollection",
"name": "Douglas_tracts",
"crs": { "type": "name", "properties": { "name": "urn:ogc:def:crs:EPSG::4269" } },
"features": [
{ "type": "Feature", "properties": { "GEOID": "31055005000", "NAME": "Census Tract 50; Douglas County; Nebraska", "incomeE": 54831.0, "incomeM": 9480.0 }, "geometry": { "type": "Polygon", "coordinates": [ [ [ -95.975061, 41.26392 ], [ -95.97506, 41.267941 ], [ -95.966456, 41.267932 ], [ -95.961519, 41.267978 ], [ -95.961548, 41.263831 ], [ -95.961618, 41.259743 ], [ -95.965782, 41.259735 ], [ -95.966436, 41.259669 ], [ -95.969015, 41.259636 ], [ -95.974558, 41.259655 ], [ -95.975076, 41.2613 ], [ -95.975061, 41.26392 ] ] ] } },
{ "type": "Feature", "properties": { "GEOID": "31055005200", "NAME": "Census Tract 52; Douglas County; Nebraska", "incomeE": 37222.0, "incomeM": 11960.0 }, "geometry": { "type": "Polygon", "coordinates": [ [ [ -95.966112, 41.276445 ], [ -95.966091, 41.277733 ], [ -95.966068, 41.281393 ], [ -95.956562, 41.281453 ], [ -95.956566, 41.276478 ], [ -95.9566, 41.272853 ], [ -95.966109, 41.272809 ], [ -95.966108, 41.273129 ], [ -95.966112, 41.276445 ] ] ] } },
{ "type": "Feature", "properties": { "GEOID": "31055005400", "NAME": "Census Tract 54; Douglas County; Nebraska", "incomeE": 42500.0, "incomeM": 28844.0 }, "geometry": { "type": "Polygon", "coordinates": [ [ [ -95.983504, 41.28097 ], [ -95.983037, 41.281713 ], [ -95.983044, 41.283141 ], [ -95.980685, 41.283134 ], [ -95.980596, 41.283944 ], [ -95.980597, 41.288691 ], [ -95.972143, 41.288663 ], [ -95.972311, 41.28392 ], [ -95.972311, 41.281411 ], [ -95.975753, 41.281422 ], [ -95.975743, 41.277805 ], [ -95.975869, 41.277274 ], [ -95.976716, 41.27419 ], [ -95.977999, 41.274147 ], [ -95.977273, 41.273149 ], [ -95.983469, 41.273202 ], [ -95.983458, 41.277309 ], [ -95.983504, 41.28097 ] ] ] } },
{ "type": "Feature", "properties": { "GEOID": "31055006101", "NAME": "Census Tract 61.01; Douglas County; Nebraska", "incomeE": 35575.0, "incomeM": 11372.0 }, "geometry": { "type": "Polygon", "coordinates": [ [ [ -95.987805, 41.311142 ], [ -95.98542, 41.31216 ], [ -95.985392, 41.314868 ], [ -95.985184, 41.322248 ], [ -95.98033, 41.324662 ], [ -95.976003, 41.326054 ], [ -95.975672, 41.325956 ], [ -95.975778, 41.325624 ], [ -95.975762, 41.319387 ], [ -95.975763, 41.315756 ], [ -95.975767, 41.314857 ], [ -95.975776, 41.311275 ], [ -95.975776, 41.310316 ], [ -95.975792, 41.306659 ], [ -95.980583, 41.306715 ], [ -95.984839, 41.30672 ], [ -95.984855, 41.310392 ], [ -95.987791, 41.310356 ], [ -95.987805, 41.311142 ] ] ] } },
{ "type": "Feature", "properties": { "GEOID": "31055007439", "NAME": "Census Tract 74.39; Douglas County; Nebraska", "incomeE": 104415.0, "incomeM": 11399.0 }, "geometry": { "type": "Polygon", "coordinates": [ [ [ -96.119645, 41.292197 ], [ -96.105501, 41.292271 ], [ -96.100675, 41.292087 ], [ -96.097135, 41.291266 ], [ -96.09576, 41.289559 ], [ -96.095726, 41.280478 ], [ -96.09487, 41.277731 ], [ -96.100527, 41.27768 ], [ -96.106236, 41.27768 ], [ -96.106939, 41.277658 ], [ -96.119587, 41.277618 ], [ -96.119604, 41.280132 ], [ -96.119645, 41.292197 ] ] ] } },
{ "type": "Feature", "properties": { "GEOID": "31055006603", "NAME": "Census Tract 66.03; Douglas County; Nebraska", "incomeE": 41810.0, "incomeM": 14723.0 }, "geometry": { "type": "Polygon", "coordinates": [ [ [ -96.047805, 41.285071 ], [ -96.042184, 41.285068 ], [ -96.03587, 41.285065 ], [ -96.028163, 41.28506 ], [ -96.0239, 41.285063 ], [ -96.023883, 41.281425 ], [ -96.023863, 41.277798 ], [ -96.03509, 41.277783 ], [ -96.037466, 41.27779 ], [ -96.04576, 41.277855 ], [ -96.047338, 41.280109 ], [ -96.047805, 41.285071 ] ] ] } },
{ "type": "Feature", "properties": { "GEOID": "31055006604", "NAME": "Census Tract 66.04; Douglas County; Nebraska", "incomeE": 68917.0, "incomeM": 18733.0 }, "geometry": { "type": "Polygon", "coordinates": [ [ [ -96.04576, 41.277855 ], [ -96.037466, 41.27779 ], [ -96.03509, 41.277783 ], [ -96.023863, 41.277798 ], [ -96.02384, 41.272347 ], [ -96.023872, 41.26983 ], [ -96.023874, 41.266912 ], [ -96.02388, 41.264404 ], [ -96.023881, 41.264152 ], [ -96.023871, 41.263283 ], [ -96.036291, 41.263302 ], [ -96.040332, 41.26871 ], [ -96.041068, 41.27056 ], [ -96.044105, 41.272385 ], [ -96.043508, 41.275566 ], [ -96.04576, 41.277855 ] ] ] } },
{ "type": "Feature", "properties": { "GEOID": "31055007429", "NAME": "Census Tract 74.29; Douglas County; Nebraska", "incomeE": 126667.0, "incomeM": 32575.0 }, "geometry": { "type": "Polygon", "coordinates": [ [ [ -96.166626, 41.248497 ], [ -96.162943, 41.248518 ], [ -96.157857, 41.248537 ], [ -96.148236, 41.248569 ], [ -96.143703, 41.248579 ], [ -96.138622, 41.248593 ], [ -96.138629, 41.240825 ], [ -96.13865, 41.238062 ], [ -96.138587, 41.233848 ], [ -96.151118, 41.23408 ], [ -96.153014, 41.234035 ], [ -96.153099, 41.234033 ], [ -96.154184, 41.233632 ], [ -96.15747, 41.233936 ], [ -96.158738, 41.233967 ], [ -96.160816, 41.237095 ], [ -96.161149, 41.240049 ], [ -96.161237, 41.240902 ], [ -96.161637, 41.242284 ], [ -96.164262, 41.246072 ], [ -96.166626, 41.248497 ] ] ] } },
{ "type": "Feature", "properties": { "GEOID": "31055007447", "NAME": "Census Tract 74.47; Douglas County; Nebraska", "incomeE": 96750.0, "incomeM": 26466.0 }, "geometry": { "type": "Polygon", "coordinates": [ [ [ -96.158032, 41.263048 ], [ -96.148509, 41.263084 ], [ -96.147751, 41.261938 ], [ -96.148368, 41.261616 ], [ -96.148315, 41.256061 ], [ -96.148237, 41.248638 ], [ -96.148236, 41.248569 ], [ -96.157857, 41.248537 ], [ -96.15796, 41.25502 ], [ -96.157963, 41.258162 ], [ -96.157993, 41.260102 ], [ -96.158032, 41.263048 ] ] ] } },
{ "type": "Feature", "properties": { "GEOID": "31055001900", "NAME": "Census Tract 19; Douglas County; Nebraska", "incomeE": 37661.0, "incomeM": 6805.0 }, "geometry": { "type": "Polygon", "coordinates": [ [ [ -95.947107, 41.25169 ], [ -95.947023, 41.252394 ], [ -95.947031, 41.253112 ], [ -95.946914, 41.256612 ], [ -95.946889, 41.259771 ], [ -95.942383, 41.25974 ], [ -95.942255, 41.254337 ], [ -95.942226, 41.248162 ], [ -95.944633, 41.24816 ], [ -95.947048, 41.248958 ], [ -95.947107, 41.25169 ] ] ] } },
{ "type": "Feature", "properties": { "GEOID": "31055003600", "NAME": "Census Tract 36; Douglas County; Nebraska", "incomeE": 83717.0, "incomeM": 7786.0 }, "geometry": { "type": "Polygon", "coordinates": [ [ [ -96.014335, 41.248748 ], [ -96.004764, 41.24874 ], [ -95.997945, 41.24853 ], [ -95.990205, 41.248786 ], [ -95.987924, 41.248791 ], [ -95.988778, 41.246704 ], [ -95.992162, 41.24324 ], [ -95.992405, 41.241297 ], [ -95.995187, 41.240816 ], [ -95.997988, 41.238993 ], [ -95.999251, 41.238135 ], [ -96.002123, 41.237871 ], [ -96.002755, 41.237884 ], [ -96.004731, 41.23787 ], [ -96.009578, 41.237886 ], [ -96.009579, 41.24514 ], [ -96.014245, 41.245167 ], [ -96.014335, 41.248748 ] ] ] } },
{ "type": "Feature", "properties": { "GEOID": "31055004300", "NAME": "Census Tract 43; Douglas County; Nebraska", "incomeE": 47380.0, "incomeM": 13577.0 }, "geometry": { "type": "Polygon", "coordinates": [ [ [ -95.97578, 41.252405 ], [ -95.975775, 41.256021 ], [ -95.975752, 41.259659 ], [ -95.974558, 41.259655 ], [ -95.969015, 41.259636 ], [ -95.966436, 41.259669 ], [ -95.966144, 41.256001 ], [ -95.966153, 41.254198 ], [ -95.966157, 41.25239 ], [ -95.966159, 41.24877 ], [ -95.975784, 41.248768 ], [ -95.97578, 41.252405 ] ] ] } },
{ "type": "Feature", "properties": { "GEOID": "31055007514", "NAME": "Census Tract 75.14; Douglas County; Nebraska", "incomeE": 217500.0, "incomeM": 39304.0 }, "geometry": { "type": "Polygon", "coordinates": [ [ [ -96.234448, 41.248187 ], [ -96.234421, 41.248294 ], [ -96.225061, 41.24835 ], [ -96.215488, 41.248406 ], [ -96.196287, 41.248491 ], [ -96.196248, 41.245144 ], [ -96.196139, 41.234286 ], [ -96.215471, 41.233924 ], [ -96.215708, 41.233926 ], [ -96.234427, 41.23391 ], [ -96.234422, 41.243479 ], [ -96.234448, 41.248187 ] ] ] } },
{ "type": "Feature", "properties": { "GEOID": "31055007518", "NAME": "Census Tract 75.18; Douglas County; Nebraska", "incomeE": 94712.0, "incomeM": 19505.0 }, "geometry": { "type": "Polygon", "coordinates": [ [ [ -96.234487, 41.281282 ], [ -96.234488, 41.281636 ], [ -96.23438, 41.29191 ], [ -96.223138, 41.292021 ], [ -96.219873, 41.292028 ], [ -96.215881, 41.292017 ], [ -96.215874, 41.291616 ], [ -96.215875, 41.288377 ], [ -96.215841, 41.284743 ], [ -96.215796, 41.277458 ], [ -96.215795, 41.276626 ], [ -96.21563, 41.26294 ], [ -96.234476, 41.262803 ], [ -96.234463, 41.273837 ], [ -96.234469, 41.27687 ], [ -96.234582, 41.277318 ], [ -96.234487, 41.281282 ] ] ] } },
{ "type": "Feature", "properties": { "GEOID": "31055007473", "NAME": "Census Tract 74.73; Douglas County; Nebraska", "incomeE": 69583.0, "incomeM": 9205.0 }, "geometry": { "type": "Polygon", "coordinates": [ [ [ -96.148509, 41.263084 ], [ -96.138757, 41.263108 ], [ -96.119614, 41.263124 ], [ -96.119574, 41.251828 ], [ -96.119575, 41.248635 ], [ -96.129073, 41.248612 ], [ -96.130398, 41.248608 ], [ -96.138622, 41.248593 ], [ -96.143703, 41.248579 ], [ -96.148236, 41.248569 ], [ -96.148237, 41.248638 ], [ -96.148315, 41.256061 ], [ -96.148368, 41.261616 ], [ -96.147751, 41.261938 ], [ -96.148509, 41.263084 ] ] ] } },
{ "type": "Feature", "properties": { "GEOID": "31055005700", "NAME": "Census Tract 57; Douglas County; Nebraska", "incomeE": 55562.0, "incomeM": 4439.0 }, "geometry": { "type": "Polygon", "coordinates": [ [ [ -96.014353, 41.288657 ], [ -96.014345, 41.28956 ], [ -96.013093, 41.291365 ], [ -96.014342, 41.292333 ], [ -96.014309, 41.292813 ], [ -96.014289, 41.295908 ], [ -96.009503, 41.295889 ], [ -96.009531, 41.292272 ], [ -96.004733, 41.292272 ], [ -96.000448, 41.292278 ], [ -95.999892, 41.292281 ], [ -95.999893, 41.295915 ], [ -95.995059, 41.295933 ], [ -95.995065, 41.292314 ], [ -95.995061, 41.288671 ], [ -95.995047, 41.285027 ], [ -95.995049, 41.283225 ], [ -96.004781, 41.283174 ], [ -96.004766, 41.284972 ], [ -96.014363, 41.285022 ], [ -96.014353, 41.288657 ] ] ] } },
{ "type": "Feature", "properties": { "GEOID": "31055006302", "NAME": "Census Tract 63.02; Douglas County; Nebraska", "incomeE": 56375.0, "incomeM": 6286.0 }, "geometry": { "type": "Polygon", "coordinates": [ [ [ -96.014189, 41.303129 ], [ -96.011847, 41.303125 ], [ -96.011277, 41.304217 ], [ -96.005893, 41.305176 ], [ -96.004628, 41.30622 ], [ -96.004623, 41.306689 ], [ -96.004617, 41.310359 ], [ -95.990213, 41.310363 ], [ -95.987791, 41.310356 ], [ -95.984855, 41.310392 ], [ -95.984839, 41.30672 ], [ -95.985369, 41.306722 ], [ -95.985466, 41.299598 ], [ -95.990224, 41.299593 ], [ -95.995047, 41.299583 ], [ -96.004672, 41.29949 ], [ -96.014276, 41.299529 ], [ -96.014189, 41.303129 ] ] ] } },
{ "type": "Feature", "properties": { "GEOID": "31055007463", "NAME": "Census Tract 74.63; Douglas County; Nebraska", "incomeE": 81625.0, "incomeM": 11637.0 }, "geometry": { "type": "Polygon", "coordinates": [ [ [ -96.138797, 41.198132 ], [ -96.138762, 41.205385 ], [ -96.132718, 41.205343 ], [ -96.131569, 41.205223 ], [ -96.129807, 41.204917 ], [ -96.129183, 41.205074 ], [ -96.128375, 41.205215 ], [ -96.119537, 41.205145 ], [ -96.119529, 41.197325 ], [ -96.119599, 41.190588 ], [ -96.129219, 41.190732 ], [ -96.131776, 41.190747 ], [ -96.138833, 41.19081 ], [ -96.138797, 41.198132 ] ] ] } },
{ "type": "Feature", "properties": { "GEOID": "31055007435", "NAME": "Census Tract 74.35; Douglas County; Nebraska", "incomeE": 79094.0, "incomeM": 17880.0 }, "geometry": { "type": "Polygon", "coordinates": [ [ [ -96.071484, 41.297705 ], [ -96.070941, 41.306667 ], [ -96.066995, 41.306673 ], [ -96.061401, 41.306683 ], [ -96.052632, 41.306689 ], [ -96.052617, 41.300066 ], [ -96.052615, 41.298361 ], [ -96.052569, 41.295469 ], [ -96.05398, 41.295474 ], [ -96.060803, 41.297555 ], [ -96.06255, 41.297583 ], [ -96.063115, 41.297423 ], [ -96.064046, 41.299191 ], [ -96.064988, 41.299188 ], [ -96.064924, 41.297713 ], [ -96.064397, 41.296683 ], [ -96.068096, 41.296633 ], [ -96.06836, 41.29563 ], [ -96.070412, 41.295864 ], [ -96.071891, 41.296271 ], [ -96.071484, 41.297705 ] ] ] } },
{ "type": "Feature", "properties": { "GEOID": "31055007458", "NAME": "Census Tract 74.58; Douglas County; Nebraska", "incomeE": 68846.0, "incomeM": 7723.0 }, "geometry": { "type": "Polygon", "coordinates": [ [ [ -96.062189, 41.212487 ], [ -96.052567, 41.212481 ], [ -96.043028, 41.212494 ], [ -96.043014, 41.21229 ], [ -96.043024, 41.208956 ], [ -96.043005, 41.205302 ], [ -96.048263, 41.205317 ], [ -96.052399, 41.205331 ], [ -96.06199, 41.205332 ], [ -96.062097, 41.208973 ], [ -96.062189, 41.212487 ] ] ] } },
{ "type": "Feature", "properties": { "GEOID": "31055007468", "NAME": "Census Tract 74.68; Douglas County; Nebraska", "incomeE": 73077.0, "incomeM": 13831.0 }, "geometry": { "type": "Polygon", "coordinates": [ [ [ -96.043018, 41.198557 ], [ -96.038901, 41.199494 ], [ -96.031899, 41.199345 ], [ -96.023794, 41.199048 ], [ -96.023773, 41.193445 ], [ -96.023814, 41.190697 ], [ -96.024882, 41.190642 ], [ -96.033318, 41.190716 ], [ -96.033831, 41.190713 ], [ -96.042911, 41.190686 ], [ -96.043016, 41.19839 ], [ -96.043018, 41.198557 ] ] ] } },
{ "type": "Feature", "properties": { "GEOID": "31055006806", "NAME": "Census Tract 68.06; Douglas County; Nebraska", "incomeE": 54429.0, "incomeM": 12013.0 }, "geometry": { "type": "Polygon", "coordinates": [ [ [ -96.042581, 41.239677 ], [ -96.040803, 41.243243 ], [ -96.039363, 41.248799 ], [ -96.033476, 41.248787 ], [ -96.02393, 41.248778 ], [ -96.023927, 41.248531 ], [ -96.023945, 41.246928 ], [ -96.023902, 41.243349 ], [ -96.023928, 41.234511 ], [ -96.024384, 41.234422 ], [ -96.025753, 41.234296 ], [ -96.028835, 41.234261 ], [ -96.033496, 41.234279 ], [ -96.038825, 41.234273 ], [ -96.038805, 41.236609 ], [ -96.04145, 41.236609 ], [ -96.042581, 41.239677 ] ] ] } },
{ "type": "Feature", "properties": { "GEOID": "31055004000", "NAME": "Census Tract 40; Douglas County; Nebraska", "incomeE": 36328.0, "incomeM": 11257.0 }, "geometry": { "type": "Polygon", "coordinates": [ [ [ -95.961618, 41.259743 ], [ -95.956614, 41.259758 ], [ -95.946889, 41.259771 ], [ -95.946914, 41.256612 ], [ -95.947031, 41.253112 ], [ -95.947023, 41.252394 ], [ -95.953898, 41.252414 ], [ -95.961397, 41.252401 ], [ -95.961393, 41.25421 ], [ -95.961395, 41.256703 ], [ -95.961618, 41.259743 ] ] ] } },
{ "type": "Feature", "properties": { "GEOID": "31055007406", "NAME": "Census Tract 74.06; Douglas County; Nebraska", "incomeE": 69795.0, "incomeM": 16906.0 }, "geometry": { "type": "Polygon", "coordinates": [ [ [ -96.138629, 41.240825 ], [ -96.138622, 41.248593 ], [ -96.130398, 41.248608 ], [ -96.129073, 41.248612 ], [ -96.119575, 41.248635 ], [ -96.119537, 41.241825 ], [ -96.119534, 41.241346 ], [ -96.119519, 41.238935 ], [ -96.119498, 41.234089 ], [ -96.127301, 41.234006 ], [ -96.129198, 41.233988 ], [ -96.138587, 41.233848 ], [ -96.13865, 41.238062 ], [ -96.138629, 41.240825 ] ] ] } },
{ "type": "Feature", "properties": { "GEOID": "31055007424", "NAME": "Census Tract 74.24; Douglas County; Nebraska", "incomeE": 53563.0, "incomeM": 8882.0 }, "geometry": { "type": "Polygon", "coordinates": [ [ [ -96.076154, 41.28297 ], [ -96.075752, 41.286071 ], [ -96.071277, 41.285152 ], [ -96.068172, 41.285078 ], [ -96.064432, 41.285054 ], [ -96.055874, 41.285068 ], [ -96.05261, 41.285067 ], [ -96.052613, 41.277798 ], [ -96.062148, 41.277784 ], [ -96.064634, 41.277796 ], [ -96.076132, 41.277804 ], [ -96.076154, 41.28297 ] ] ] } },
{ "type": "Feature", "properties": { "GEOID": "31055007506", "NAME": "Census Tract 75.06; Douglas County; Nebraska", "incomeE": 108816.0, "incomeM": 20314.0 }, "geometry": { "type": "Polygon", "coordinates": [ [ [ -96.28315, 41.293631 ], [ -96.276929, 41.294702 ], [ -96.273014, 41.294765 ], [ -96.268217, 41.294704 ], [ -96.268037, 41.294702 ], [ -96.261002, 41.294446 ], [ -96.254148, 41.292989 ], [ -96.248354, 41.291676 ], [ -96.245367, 41.291721 ], [ -96.237378, 41.291928 ], [ -96.23438, 41.29191 ], [ -96.234488, 41.281636 ], [ -96.234487, 41.281282 ], [ -96.234582, 41.277318 ], [ -96.234469, 41.27687 ], [ -96.234463, 41.273837 ], [ -96.234476, 41.262803 ], [ -96.24256, 41.262794 ], [ -96.251927, 41.263687 ], [ -96.254459, 41.263675 ], [ -96.256569, 41.263683 ], [ -96.262607, 41.263607 ], [ -96.264123, 41.26357 ], [ -96.267712, 41.26774 ], [ -96.272848, 41.271181 ], [ -96.274122, 41.272791 ], [ -96.276644, 41.279507 ], [ -96.275851, 41.283758 ], [ -96.275586, 41.284313 ], [ -96.275399, 41.286468 ], [ -96.276483, 41.28818 ], [ -96.281858, 41.292048 ], [ -96.282383, 41.29249 ], [ -96.28315, 41.293631 ] ] ] } },
{ "type": "Feature", "properties": { "GEOID": "31055007450", "NAME": "Census Tract 74.50; Douglas County; Nebraska", "incomeE": 91402.0, "incomeM": 15606.0 }, "geometry": { "type": "Polygon", "coordinates": [ [ [ -96.176908, 41.242748 ], [ -96.176852, 41.248514 ], [ -96.166626, 41.248497 ], [ -96.164262, 41.246072 ], [ -96.161637, 41.242284 ], [ -96.161237, 41.240902 ], [ -96.161149, 41.240049 ], [ -96.160816, 41.237095 ], [ -96.158738, 41.233967 ], [ -96.165056, 41.233988 ], [ -96.171893, 41.234022 ], [ -96.176863, 41.23415 ], [ -96.176908, 41.242748 ] ] ] } },
{ "type": "Feature", "properties": { "GEOID": "31055007446", "NAME": "Census Tract 74.46; Douglas County; Nebraska", "incomeE": 165179.0, "incomeM": 27796.0 }, "geometry": { "type": "Polygon", "coordinates": [ [ [ -96.177243, 41.259807 ], [ -96.17705, 41.259994 ], [ -96.177017, 41.260076 ], [ -96.177092, 41.262923 ], [ -96.175547, 41.262933 ], [ -96.158032, 41.263048 ], [ -96.157993, 41.260102 ], [ -96.157963, 41.258162 ], [ -96.15796, 41.25502 ], [ -96.157857, 41.248537 ], [ -96.162943, 41.248518 ], [ -96.166626, 41.248497 ], [ -96.176852, 41.248514 ], [ -96.17701, 41.258757 ], [ -96.177227, 41.259341 ], [ -96.177443, 41.259692 ], [ -96.177243, 41.259807 ] ] ] } },
{ "type": "Feature", "properties": { "GEOID": "31055000700", "NAME": "Census Tract 7; Douglas County; Nebraska", "incomeE": 30250.0, "incomeM": 11777.0 }, "geometry": { "type": "Polygon", "coordinates": [ [ [ -95.956553, 41.294134 ], [ -95.956556, 41.299571 ], [ -95.95195, 41.2996 ], [ -95.946954, 41.299619 ], [ -95.946987, 41.289207 ], [ -95.956558, 41.28915 ], [ -95.956553, 41.294134 ] ] ] } },
{ "type": "Feature", "properties": { "GEOID": "31055001100", "NAME": "Census Tract 11; Douglas County; Nebraska", "incomeE": 26827.0, "incomeM": 13191.0 }, "geometry": { "type": "Polygon", "coordinates": [ [ [ -95.9566, 41.272853 ], [ -95.956566, 41.276478 ], [ -95.956562, 41.281453 ], [ -95.956556, 41.288692 ], [ -95.956558, 41.28915 ], [ -95.946987, 41.289207 ], [ -95.946989, 41.288754 ], [ -95.947001, 41.285138 ], [ -95.947033, 41.276526 ], [ -95.947028, 41.27199 ], [ -95.947024, 41.267964 ], [ -95.956512, 41.267948 ], [ -95.956572, 41.268471 ], [ -95.9566, 41.272853 ] ] ] } },
{ "type": "Feature", "properties": { "GEOID": "31055002100", "NAME": "Census Tract 21; Douglas County; Nebraska", "incomeE": 45260.0, "incomeM": 12909.0 }, "geometry": { "type": "Polygon", "coordinates": [ [ [ -95.937353, 41.238205 ], [ -95.937336, 41.24286 ], [ -95.937242, 41.24806 ], [ -95.934664, 41.248117 ], [ -95.93328, 41.249163 ], [ -95.930596, 41.249142 ], [ -95.930721, 41.242854 ], [ -95.930745, 41.23693 ], [ -95.932044, 41.236936 ], [ -95.937358, 41.23696 ], [ -95.937353, 41.238205 ] ] ] } },
{ "type": "Feature", "properties": { "GEOID": "31055003402", "NAME": "Census Tract 34.02; Douglas County; Nebraska", "incomeE": 82586.0, "incomeM": 11455.0 }, "geometry": { "type": "Polygon", "coordinates": [ [ [ -95.969805, 41.241504 ], [ -95.966184, 41.241502 ], [ -95.964297, 41.241501 ], [ -95.964289, 41.239971 ], [ -95.964279, 41.237861 ], [ -95.960329, 41.23785 ], [ -95.960335, 41.236553 ], [ -95.957808, 41.23654 ], [ -95.954479, 41.236207 ], [ -95.954244, 41.235528 ], [ -95.956039, 41.229582 ], [ -95.957439, 41.228235 ], [ -95.960082, 41.227325 ], [ -95.962593, 41.226894 ], [ -95.96394, 41.229268 ], [ -95.964156, 41.230307 ], [ -95.965603, 41.233763 ], [ -95.966349, 41.234762 ], [ -95.966538, 41.235764 ], [ -95.967785, 41.237861 ], [ -95.969805, 41.241504 ] ] ] } },
{ "type": "Feature", "properties": { "GEOID": "31055004400", "NAME": "Census Tract 44; Douglas County; Nebraska", "incomeE": 57609.0, "incomeM": 12497.0 }, "geometry": { "type": "Polygon", "coordinates": [ [ [ -95.990254, 41.25606 ], [ -95.985422, 41.256108 ], [ -95.985423, 41.259693 ], [ -95.980433, 41.259675 ], [ -95.975752, 41.259659 ], [ -95.975775, 41.256021 ], [ -95.97578, 41.252405 ], [ -95.975784, 41.248768 ], [ -95.983259, 41.248772 ], [ -95.987924, 41.248791 ], [ -95.990205, 41.248786 ], [ -95.990217, 41.252409 ], [ -95.990254, 41.25606 ] ] ] } },
{ "type": "Feature", "properties": { "GEOID": "31055007316", "NAME": "Census Tract 73.16; Douglas County; Nebraska", "incomeE": 157661.0, "incomeM": 25681.0 }, "geometry": { "type": "Polygon", "coordinates": [ [ [ -96.158255, 41.321065 ], [ -96.148594, 41.321095 ], [ -96.14611, 41.321098 ], [ -96.143513, 41.321101 ], [ -96.142499, 41.321102 ], [ -96.138867, 41.321106 ], [ -96.13886, 41.317699 ], [ -96.138852, 41.306591 ], [ -96.143639, 41.306589 ], [ -96.144281, 41.306587 ], [ -96.15369, 41.30656 ], [ -96.158047, 41.306548 ], [ -96.158168, 41.31649 ], [ -96.158255, 41.321065 ] ] ] } },
{ "type": "Feature", "properties": { "GEOID": "31055007515", "NAME": "Census Tract 75.15; Douglas County; Nebraska", "incomeE": 152045.0, "incomeM": 12771.0 }, "geometry": { "type": "Polygon", "coordinates": [ [ [ -96.234427, 41.23391 ], [ -96.215708, 41.233926 ], [ -96.215471, 41.233924 ], [ -96.196139, 41.234286 ], [ -96.196236, 41.226784 ], [ -96.19633, 41.219434 ], [ -96.205916, 41.219392 ], [ -96.211016, 41.219375 ], [ -96.215497, 41.219361 ], [ -96.221536, 41.219342 ], [ -96.234339, 41.219302 ], [ -96.234427, 41.23391 ] ] ] } },
{ "type": "Feature", "properties": { "GEOID": "31055006606", "NAME": "Census Tract 66.06; Douglas County; Nebraska", "incomeE": 64331.0, "incomeM": 10948.0 }, "geometry": { "type": "Polygon", "coordinates": [ [ [ -96.05261, 41.285067 ], [ -96.047805, 41.285071 ], [ -96.047338, 41.280109 ], [ -96.04576, 41.277855 ], [ -96.043508, 41.275566 ], [ -96.044105, 41.272385 ], [ -96.041068, 41.27056 ], [ -96.040332, 41.26871 ], [ -96.036291, 41.263302 ], [ -96.037589, 41.263305 ], [ -96.046011, 41.263301 ], [ -96.047713, 41.263437 ], [ -96.052533, 41.26334 ], [ -96.05257, 41.270559 ], [ -96.052592, 41.274184 ], [ -96.052613, 41.277798 ], [ -96.05261, 41.285067 ] ] ] } },
{ "type": "Feature", "properties": { "GEOID": "31055007523", "NAME": "Census Tract 75.23; Douglas County; Nebraska", "incomeE": 194461.0, "incomeM": 7835.0 }, "geometry": { "type": "Polygon", "coordinates": [ [ [ -96.234476, 41.262803 ], [ -96.21563, 41.26294 ], [ -96.215609, 41.260894 ], [ -96.215595, 41.259465 ], [ -96.215559, 41.255681 ], [ -96.215537, 41.253433 ], [ -96.215488, 41.248502 ], [ -96.215488, 41.248406 ], [ -96.225061, 41.24835 ], [ -96.234421, 41.248294 ], [ -96.234476, 41.254884 ], [ -96.234482, 41.257347 ], [ -96.234476, 41.262803 ] ] ] } },
{ "type": "Feature", "properties": { "GEOID": "31055007522", "NAME": "Census Tract 75.22; Douglas County; Nebraska", "incomeE": 188036.0, "incomeM": 54049.0 }, "geometry": { "type": "Polygon", "coordinates": [ [ [ -96.23446, 41.306326 ], [ -96.215648, 41.306352 ], [ -96.196442, 41.30645 ], [ -96.19666, 41.292347 ], [ -96.196666, 41.291966 ], [ -96.215881, 41.292017 ], [ -96.219873, 41.292028 ], [ -96.223138, 41.292021 ], [ -96.23438, 41.29191 ], [ -96.23438, 41.292125 ], [ -96.234401, 41.29729 ], [ -96.23446, 41.306326 ] ] ] } },
{ "type": "Feature", "properties": { "GEOID": "31055005300", "NAME": "Census Tract 53; Douglas County; Nebraska", "incomeE": 32382.0, "incomeM": 3720.0 }, "geometry": { "type": "Polygon", "coordinates": [ [ [ -95.977999, 41.274147 ], [ -95.976716, 41.27419 ], [ -95.975869, 41.277274 ], [ -95.975743, 41.277805 ], [ -95.975753, 41.281422 ], [ -95.972311, 41.281411 ], [ -95.972311, 41.28392 ], [ -95.972143, 41.288663 ], [ -95.956556, 41.288692 ], [ -95.956562, 41.281453 ], [ -95.966068, 41.281393 ], [ -95.966091, 41.277733 ], [ -95.966112, 41.276445 ], [ -95.966108, 41.273129 ], [ -95.972689, 41.273156 ], [ -95.974894, 41.27316 ], [ -95.977242, 41.27216 ], [ -95.977273, 41.273149 ], [ -95.977999, 41.274147 ] ] ] } },
{ "type": "Feature", "properties": { "GEOID": "31055006202", "NAME": "Census Tract 62.02; Douglas County; Nebraska", "incomeE": 57120.0, "incomeM": 4150.0 }, "geometry": { "type": "Polygon", "coordinates": [ [ [ -95.973329, 41.329225 ], [ -95.97332, 41.332891 ], [ -95.971181, 41.333278 ], [ -95.971517, 41.334469 ], [ -95.969653, 41.334767 ], [ -95.971933, 41.343468 ], [ -95.963797, 41.343152 ], [ -95.961702, 41.340861 ], [ -95.959595, 41.333427 ], [ -95.957767, 41.326916 ], [ -95.957065, 41.324409 ], [ -95.956646, 41.322917 ], [ -95.956532, 41.322146 ], [ -95.956544, 41.320675 ], [ -95.956525, 41.31757 ], [ -95.956551, 41.315755 ], [ -95.956555, 41.312127 ], [ -95.966103, 41.312134 ], [ -95.966085, 41.31576 ], [ -95.966129, 41.318804 ], [ -95.966042, 41.319378 ], [ -95.966154, 41.321175 ], [ -95.966698, 41.324596 ], [ -95.967587, 41.325945 ], [ -95.967412, 41.326922 ], [ -95.966866, 41.327292 ], [ -95.968957, 41.32796 ], [ -95.97333, 41.327425 ], [ -95.973329, 41.329225 ] ] ] } },
{ "type": "Feature", "properties": { "GEOID": "31055007101", "NAME": "Census Tract 71.01; Douglas County; Nebraska", "incomeE": 62500.0, "incomeM": 17790.0 }, "geometry": { "type": "Polygon", "coordinates": [ [ [ -96.023859, 41.212496 ], [ -96.004672, 41.212458 ], [ -95.995562, 41.212505 ], [ -95.990772, 41.212536 ], [ -95.976391, 41.212599 ], [ -95.976809, 41.207699 ], [ -95.977885, 41.205615 ], [ -95.979128, 41.205457 ], [ -95.986555, 41.205312 ], [ -95.993761, 41.205273 ], [ -95.996169, 41.205262 ], [ -96.004681, 41.205214 ], [ -96.023769, 41.205283 ], [ -96.023776, 41.208904 ], [ -96.023859, 41.212496 ] ] ] } },
{ "type": "Feature", "properties": { "GEOID": "31055006803", "NAME": "Census Tract 68.03; Douglas County; Nebraska", "incomeE": 87926.0, "incomeM": 13198.0 }, "geometry": { "type": "Polygon", "coordinates": [ [ [ -96.100692, 41.240913 ], [ -96.100673, 41.241389 ], [ -96.100654, 41.24864 ], [ -96.091038, 41.248695 ], [ -96.086391, 41.24871 ], [ -96.085085, 41.248704 ], [ -96.085836, 41.242483 ], [ -96.086599, 41.234157 ], [ -96.091098, 41.234122 ], [ -96.100696, 41.234029 ], [ -96.100692, 41.240913 ] ] ] } },
{ "type": "Feature", "properties": { "GEOID": "31055002700", "NAME": "Census Tract 27; Douglas County; Nebraska", "incomeE": 48250.0, "incomeM": 13085.0 }, "geometry": { "type": "Polygon", "coordinates": [ [ [ -95.947051, 41.212249 ], [ -95.941775, 41.212242 ], [ -95.941779, 41.212942 ], [ -95.933335, 41.212954 ], [ -95.929201, 41.212997 ], [ -95.92563, 41.212284 ], [ -95.924658887283201, 41.211477482658999 ], [ -95.924891, 41.211198 ], [ -95.924954718864996, 41.2109774346983 ], [ -95.927491, 41.202198 ], [ -95.927484878154303, 41.202171489675401 ], [ -95.930097, 41.202306 ], [ -95.933682, 41.202098 ], [ -95.93604, 41.202062 ], [ -95.936206, 41.203753 ], [ -95.941783, 41.203765 ], [ -95.943038, 41.205585 ], [ -95.947065, 41.205593 ], [ -95.947051, 41.212249 ] ] ] } },
{ "type": "Feature", "properties": { "GEOID": "31055007318", "NAME": "Census Tract 73.18; Douglas County; Nebraska", "incomeE": 133724.0, "incomeM": 8452.0 }, "geometry": { "type": "Polygon", "coordinates": [ [ [ -96.206553, 41.349946 ], [ -96.196903, 41.349946 ], [ -96.197007, 41.364472 ], [ -96.197011, 41.393136 ], [ -96.184313, 41.39315 ], [ -96.170273, 41.393159 ], [ -96.165511, 41.393157 ], [ -96.158427, 41.393164 ], [ -96.158415, 41.37208 ], [ -96.158393, 41.362399 ], [ -96.158399, 41.360963 ], [ -96.158477, 41.342223 ], [ -96.158438, 41.335572 ], [ -96.158346, 41.328343 ], [ -96.158255, 41.321065 ], [ -96.158168, 41.31649 ], [ -96.158047, 41.306548 ], [ -96.162851, 41.306538 ], [ -96.167649, 41.306529 ], [ -96.168923, 41.306527 ], [ -96.17726, 41.3065 ], [ -96.182066, 41.306487 ], [ -96.186819, 41.306474 ], [ -96.196442, 41.30645 ], [ -96.197327, 41.319816 ], [ -96.196692, 41.320927 ], [ -96.206257, 41.320924 ], [ -96.206399, 41.335434 ], [ -96.206437, 41.339073 ], [ -96.206553, 41.349946 ] ] ] } },
{ "type": "Feature", "properties": { "GEOID": "31055007438", "NAME": "Census Tract 74.38; Douglas County; Nebraska", "incomeE": 102585.0, "incomeM": 8030.0 }, "geometry": { "type": "Polygon", "coordinates": [ [ [ -96.138873, 41.292177 ], [ -96.128319, 41.292035 ], [ -96.119645, 41.292197 ], [ -96.119604, 41.280132 ], [ -96.119587, 41.277618 ], [ -96.124403, 41.277639 ], [ -96.129319, 41.277636 ], [ -96.138808, 41.277663 ], [ -96.138842, 41.28508 ], [ -96.138852, 41.287537 ], [ -96.138873, 41.292177 ] ] ] } },
{ "type": "Feature", "properties": { "GEOID": "31055007445", "NAME": "Census Tract 74.45; Douglas County; Nebraska", "incomeE": 49679.0, "incomeM": 10288.0 }, "geometry": { "type": "Polygon", "coordinates": [ [ [ -96.083765, 41.264442 ], [ -96.081391, 41.267524 ], [ -96.081325, 41.277789 ], [ -96.076132, 41.277804 ], [ -96.064634, 41.277796 ], [ -96.062148, 41.277784 ], [ -96.062132, 41.270568 ], [ -96.062117, 41.263385 ], [ -96.076194, 41.263373 ], [ -96.082473, 41.263404 ], [ -96.083765, 41.264442 ] ] ] } },
{ "type": "Feature", "properties": { "GEOID": "31055007466", "NAME": "Census Tract 74.66; Douglas County; Nebraska", "incomeE": 64038.0, "incomeM": 19574.0 }, "geometry": { "type": "Polygon", "coordinates": [ [ [ -96.081424, 41.205311 ], [ -96.07177, 41.205326 ], [ -96.070205, 41.205336 ], [ -96.06199, 41.205332 ], [ -96.061976, 41.203049 ], [ -96.061978, 41.198466 ], [ -96.061905, 41.190704 ], [ -96.066782, 41.190704 ], [ -96.07146, 41.190728 ], [ -96.0765, 41.190747 ], [ -96.081396, 41.190756 ], [ -96.081383, 41.19657 ], [ -96.081389, 41.199282 ], [ -96.081407, 41.201618 ], [ -96.081424, 41.205311 ] ] ] } },
{ "type": "Feature", "properties": { "GEOID": "31055001200", "NAME": "Census Tract 12; Douglas County; Nebraska", "incomeE": 32575.0, "incomeM": 8620.0 }, "geometry": { "type": "Polygon", "coordinates": [ [ [ -95.947033, 41.276526 ], [ -95.947001, 41.285138 ], [ -95.946989, 41.288754 ], [ -95.943792, 41.288755 ], [ -95.943797, 41.28785 ], [ -95.942177, 41.288763 ], [ -95.937367, 41.288749 ], [ -95.937395, 41.281504 ], [ -95.937436, 41.274264 ], [ -95.937098, 41.267949 ], [ -95.947024, 41.267964 ], [ -95.947028, 41.27199 ], [ -95.947033, 41.276526 ] ] ] } },
{ "type": "Feature", "properties": { "GEOID": "31055002600", "NAME": "Census Tract 26; Douglas County; Nebraska", "incomeE": 50272.0, "incomeM": 9861.0 }, "geometry": { "type": "Polygon", "coordinates": [ [ [ -95.947043, 41.218509 ], [ -95.947048, 41.219717 ], [ -95.942874, 41.219713 ], [ -95.941761, 41.219538 ], [ -95.94046, 41.219592 ], [ -95.938446, 41.220171 ], [ -95.936209, 41.219162 ], [ -95.933347, 41.214669 ], [ -95.933335, 41.212954 ], [ -95.941779, 41.212942 ], [ -95.941775, 41.212242 ], [ -95.947051, 41.212249 ], [ -95.947043, 41.218509 ] ] ] } },
{ "type": "Feature", "properties": { "GEOID": "31055004200", "NAME": "Census Tract 42; Douglas County; Nebraska", "incomeE": 49083.0, "incomeM": 6654.0 }, "geometry": { "type": "Polygon", "coordinates": [ [ [ -95.966436, 41.259669 ], [ -95.965782, 41.259735 ], [ -95.961618, 41.259743 ], [ -95.961395, 41.256703 ], [ -95.961393, 41.25421 ], [ -95.961397, 41.252401 ], [ -95.961403, 41.248784 ], [ -95.962536, 41.24787 ], [ -95.9631, 41.248776 ], [ -95.966159, 41.24877 ], [ -95.966157, 41.25239 ], [ -95.966153, 41.254198 ], [ -95.966144, 41.256001 ], [ -95.966436, 41.259669 ] ] ] } },
{ "type": "Feature", "properties": { "GEOID": "31055005100", "NAME": "Census Tract 51; Douglas County; Nebraska", "incomeE": 37097.0, "incomeM": 10023.0 }, "geometry": { "type": "Polygon", "coordinates": [ [ [ -95.967432, 41.269604 ], [ -95.966117, 41.270004 ], [ -95.966109, 41.272809 ], [ -95.9566, 41.272853 ], [ -95.956572, 41.268471 ], [ -95.956512, 41.267948 ], [ -95.956614, 41.259758 ], [ -95.961618, 41.259743 ], [ -95.961548, 41.263831 ], [ -95.961519, 41.267978 ], [ -95.966456, 41.267932 ], [ -95.966447, 41.268011 ], [ -95.967432, 41.269604 ] ] ] } },
{ "type": "Feature", "properties": { "GEOID": "31055007464", "NAME": "Census Tract 74.64; Douglas County; Nebraska", "incomeE": 85714.0, "incomeM": 9204.0 }, "geometry": { "type": "Polygon", "coordinates": [ [ [ -96.119529, 41.197325 ], [ -96.119537, 41.205145 ], [ -96.107469, 41.205232 ], [ -96.094392, 41.205313 ], [ -96.094213, 41.205312 ], [ -96.094658, 41.203117 ], [ -96.095897, 41.196803 ], [ -96.096918, 41.194257 ], [ -96.101289, 41.190592 ], [ -96.102278, 41.190598 ], [ -96.110218, 41.190661 ], [ -96.110464, 41.190659 ], [ -96.119599, 41.190588 ], [ -96.119529, 41.197325 ] ] ] } },
{ "type": "Feature", "properties": { "GEOID": "31055007309", "NAME": "Census Tract 73.09; Douglas County; Nebraska", "incomeE": 91725.0, "incomeM": 3077.0 }, "geometry": { "type": "Polygon", "coordinates": [ [ [ -96.100488, 41.321152 ], [ -96.100316, 41.335662 ], [ -96.090824, 41.33567 ], [ -96.079542, 41.335674 ], [ -96.078848, 41.332539 ], [ -96.078245, 41.331021 ], [ -96.07692, 41.329238 ], [ -96.072086, 41.324845 ], [ -96.074442, 41.321686 ], [ -96.074998, 41.321333 ], [ -96.075994, 41.321184 ], [ -96.078191, 41.321161 ], [ -96.081291, 41.321166 ], [ -96.081329, 41.317504 ], [ -96.090962, 41.317553 ], [ -96.095448, 41.318159 ], [ -96.100522, 41.318776 ], [ -96.100488, 41.321152 ] ] ] } },
{ "type": "Feature", "properties": { "GEOID": "31055006703", "NAME": "Census Tract 67.03; Douglas County; Nebraska", "incomeE": 75054.0, "incomeM": 16616.0 }, "geometry": { "type": "Polygon", "coordinates": [ [ [ -96.100591, 41.255401 ], [ -96.100576, 41.256966 ], [ -96.100594, 41.26313 ], [ -96.090987, 41.263189 ], [ -96.085797, 41.263358 ], [ -96.082473, 41.263404 ], [ -96.076194, 41.263373 ], [ -96.076585, 41.256315 ], [ -96.07758, 41.254921 ], [ -96.08393, 41.250446 ], [ -96.085085, 41.248704 ], [ -96.086391, 41.24871 ], [ -96.091038, 41.248695 ], [ -96.100654, 41.24864 ], [ -96.100591, 41.255401 ] ] ] } },
{ "type": "Feature", "properties": { "GEOID": "31055007441", "NAME": "Census Tract 74.41; Douglas County; Nebraska", "incomeE": 140000.0, "incomeM": 15350.0 }, "geometry": { "type": "Polygon", "coordinates": [ [ [ -96.177355, 41.266182 ], [ -96.177107, 41.266918 ], [ -96.177238, 41.277531 ], [ -96.167768, 41.277523 ], [ -96.165729, 41.277519 ], [ -96.158055, 41.277544 ], [ -96.158041, 41.269774 ], [ -96.158018, 41.265471 ], [ -96.158032, 41.263048 ], [ -96.175547, 41.262933 ], [ -96.177092, 41.262923 ], [ -96.176999, 41.263107 ], [ -96.176424, 41.263738 ], [ -96.1763, 41.264009 ], [ -96.176766, 41.264396 ], [ -96.17704, 41.264807 ], [ -96.177106, 41.265092 ], [ -96.177123, 41.265573 ], [ -96.177355, 41.266182 ] ] ] } },
{ "type": "Feature", "properties": { "GEOID": "31055003700", "NAME": "Census Tract 37; Douglas County; Nebraska", "incomeE": 84938.0, "incomeM": 22489.0 }, "geometry": { "type": "Polygon", "coordinates": [ [ [ -95.992162, 41.24324 ], [ -95.988778, 41.246704 ], [ -95.987924, 41.248791 ], [ -95.983259, 41.248772 ], [ -95.975784, 41.248768 ], [ -95.975842, 41.241522 ], [ -95.984223, 41.241521 ], [ -95.990223, 41.24151 ], [ -95.992405, 41.241297 ], [ -95.992162, 41.24324 ] ] ] } },
{ "type": "Feature", "properties": { "GEOID": "31055007314", "NAME": "Census Tract 73.14; Douglas County; Nebraska", "incomeE": 120902.0, "incomeM": 11435.0 }, "geometry": { "type": "Polygon", "coordinates": [ [ [ -96.158438, 41.335572 ], [ -96.152701, 41.335597 ], [ -96.139019, 41.33563 ], [ -96.138926, 41.328483 ], [ -96.138922, 41.328262 ], [ -96.138896, 41.325459 ], [ -96.138867, 41.321106 ], [ -96.142499, 41.321102 ], [ -96.143513, 41.321101 ], [ -96.14611, 41.321098 ], [ -96.148594, 41.321095 ], [ -96.158255, 41.321065 ], [ -96.158346, 41.328343 ], [ -96.158438, 41.335572 ] ] ] } },
{ "type": "Feature", "properties": { "GEOID": "31055005800", "NAME": "Census Tract 58; Douglas County; Nebraska", "incomeE": 64648.0, "incomeM": 6860.0 }, "geometry": { "type": "Polygon", "coordinates": [ [ [ -95.995065, 41.292314 ], [ -95.995059, 41.295933 ], [ -95.995047, 41.299583 ], [ -95.990224, 41.299593 ], [ -95.985466, 41.299598 ], [ -95.985499, 41.292396 ], [ -95.985455, 41.288701 ], [ -95.983029, 41.288693 ], [ -95.980597, 41.288691 ], [ -95.980596, 41.283944 ], [ -95.980685, 41.283134 ], [ -95.983044, 41.283141 ], [ -95.983037, 41.281713 ], [ -95.983504, 41.28097 ], [ -95.985223, 41.281472 ], [ -95.990255, 41.281501 ], [ -95.993159, 41.283236 ], [ -95.995049, 41.283225 ], [ -95.995047, 41.285027 ], [ -95.995061, 41.288671 ], [ -95.995065, 41.292314 ] ] ] } },
{ "type": "Feature", "properties": { "GEOID": "31055007102", "NAME": "Census Tract 71.02; Douglas County; Nebraska", "incomeE": 77500.0, "incomeM": 11710.0 }, "geometry": { "type": "Polygon", "coordinates": [ [ [ -96.023773, 41.193445 ], [ -96.023794, 41.199048 ], [ -96.023813, 41.202057 ], [ -96.023769, 41.205283 ], [ -96.004681, 41.205214 ], [ -95.996169, 41.205262 ], [ -95.993761, 41.205273 ], [ -95.986555, 41.205312 ], [ -95.979128, 41.205457 ], [ -95.977885, 41.205615 ], [ -95.976662, 41.205488 ], [ -95.976943, 41.2049 ], [ -95.976983, 41.201771 ], [ -95.977004, 41.198092 ], [ -95.977011, 41.194462 ], [ -95.981823, 41.194438 ], [ -95.981873, 41.190844 ], [ -95.981898, 41.190776 ], [ -95.98662, 41.190757 ], [ -95.992007, 41.190726 ], [ -96.004621, 41.190666 ], [ -96.006242, 41.190668 ], [ -96.009261, 41.190702 ], [ -96.019009, 41.190707 ], [ -96.023814, 41.190697 ], [ -96.023773, 41.193445 ] ] ] } },
{ "type": "Feature", "properties": { "GEOID": "31055007455", "NAME": "Census Tract 74.55; Douglas County; Nebraska", "incomeE": 62823.0, "incomeM": 9571.0 }, "geometry": { "type": "Polygon", "coordinates": [ [ [ -96.138778, 41.212659 ], [ -96.120397, 41.212187 ], [ -96.119527, 41.211176 ], [ -96.119, 41.205403 ], [ -96.119537, 41.205145 ], [ -96.128375, 41.205215 ], [ -96.129183, 41.205074 ], [ -96.129807, 41.204917 ], [ -96.131569, 41.205223 ], [ -96.132718, 41.205343 ], [ -96.138762, 41.205385 ], [ -96.138763, 41.20955 ], [ -96.138778, 41.212659 ] ] ] } },
{ "type": "Feature", "properties": { "GEOID": "31055007517", "NAME": "Census Tract 75.17; Douglas County; Nebraska", "incomeE": 114063.0, "incomeM": 10982.0 }, "geometry": { "type": "Polygon", "coordinates": [ [ [ -96.234317, 41.204838 ], [ -96.223233, 41.204988 ], [ -96.215565, 41.205057 ], [ -96.20722, 41.205107 ], [ -96.2067, 41.20511 ], [ -96.206036, 41.205114 ], [ -96.196496, 41.205186 ], [ -96.196577, 41.198739 ], [ -96.196597, 41.195734 ], [ -96.196677, 41.190654 ], [ -96.206187, 41.190568 ], [ -96.211707, 41.190537 ], [ -96.215757, 41.190504 ], [ -96.230097, 41.190391 ], [ -96.234288, 41.190349 ], [ -96.234317, 41.204838 ] ] ] } },
{ "type": "Feature", "properties": { "GEOID": "31055007521", "NAME": "Census Tract 75.21; Douglas County; Nebraska", "incomeE": 128290.0, "incomeM": 3346.0 }, "geometry": { "type": "Polygon", "coordinates": [ [ [ -96.19666, 41.292347 ], [ -96.196442, 41.30645 ], [ -96.186819, 41.306474 ], [ -96.182066, 41.306487 ], [ -96.17726, 41.3065 ], [ -96.177349, 41.299297 ], [ -96.177362, 41.298367 ], [ -96.177388, 41.292266 ], [ -96.177389, 41.292139 ], [ -96.186891, 41.292045 ], [ -96.196666, 41.291966 ], [ -96.19666, 41.292347 ] ] ] } },
{ "type": "Feature", "properties": { "GEOID": "31055006102", "NAME": "Census Tract 61.02; Douglas County; Nebraska", "incomeE": 37064.0, "incomeM": 9160.0 }, "geometry": { "type": "Polygon", "coordinates": [ [ [ -95.975776, 41.310316 ], [ -95.975776, 41.311275 ], [ -95.975767, 41.314857 ], [ -95.975763, 41.315756 ], [ -95.975762, 41.319387 ], [ -95.975778, 41.325624 ], [ -95.975672, 41.325956 ], [ -95.973327, 41.326009 ], [ -95.97333, 41.327425 ], [ -95.968957, 41.32796 ], [ -95.966866, 41.327292 ], [ -95.967412, 41.326922 ], [ -95.967587, 41.325945 ], [ -95.966698, 41.324596 ], [ -95.966154, 41.321175 ], [ -95.966042, 41.319378 ], [ -95.966129, 41.318804 ], [ -95.966085, 41.31576 ], [ -95.966103, 41.312134 ], [ -95.956555, 41.312127 ], [ -95.956561, 41.306676 ], [ -95.956516, 41.302934 ], [ -95.960361, 41.303548 ], [ -95.963827, 41.305123 ], [ -95.966198, 41.306288 ], [ -95.968758, 41.307239 ], [ -95.96996, 41.306662 ], [ -95.975792, 41.306659 ], [ -95.975776, 41.310316 ] ] ] } },
{ "type": "Feature", "properties": { "GEOID": "31055006904", "NAME": "Census Tract 69.04; Douglas County; Nebraska", "incomeE": 109250.0, "incomeM": 6287.0 }, "geometry": { "type": "Polygon", "coordinates": [ [ [ -96.088288, 41.225197 ], [ -96.087814, 41.226845 ], [ -96.086599, 41.234157 ], [ -96.081379, 41.234219 ], [ -96.07932, 41.23422 ], [ -96.072363, 41.234244 ], [ -96.064891, 41.234188 ], [ -96.062211, 41.233803 ], [ -96.060272, 41.233482 ], [ -96.058082, 41.233499 ], [ -96.054813, 41.232974 ], [ -96.056287, 41.230367 ], [ -96.057295, 41.228467 ], [ -96.057514, 41.224905 ], [ -96.058855, 41.223971 ], [ -96.058856, 41.223383 ], [ -96.062317, 41.223365 ], [ -96.062331, 41.22195 ], [ -96.06234, 41.221553 ], [ -96.081537, 41.221543 ], [ -96.090898, 41.221531 ], [ -96.088288, 41.225197 ] ] ] } },
{ "type": "Feature", "properties": { "GEOID": "31055007448", "NAME": "Census Tract 74.48; Douglas County; Nebraska", "incomeE": 135648.0, "incomeM": 13148.0 }, "geometry": { "type": "Polygon", "coordinates": [ [ [ -96.119614, 41.263124 ], [ -96.102929, 41.26297 ], [ -96.100594, 41.26313 ], [ -96.100576, 41.256966 ], [ -96.100591, 41.255401 ], [ -96.100654, 41.24864 ], [ -96.112101, 41.248625 ], [ -96.119575, 41.248635 ], [ -96.119574, 41.251828 ], [ -96.119614, 41.263124 ] ] ] } },
{ "type": "Feature", "properties": { "GEOID": "31055007001", "NAME": "Census Tract 70.01; Douglas County; Nebraska", "incomeE": 50563.0, "incomeM": 5975.0 }, "geometry": { "type": "Polygon", "coordinates": [ [ [ -96.023927, 41.248531 ], [ -96.02393, 41.248778 ], [ -96.021854, 41.248777 ], [ -96.020316, 41.248768 ], [ -96.015593, 41.248754 ], [ -96.014335, 41.248748 ], [ -96.014245, 41.245167 ], [ -96.009579, 41.24514 ], [ -96.009578, 41.237886 ], [ -96.004731, 41.23787 ], [ -96.004718, 41.230597 ], [ -96.004672, 41.226985 ], [ -96.004609, 41.223825 ], [ -96.023864, 41.223942 ], [ -96.023904, 41.227077 ], [ -96.023928, 41.234511 ], [ -96.023902, 41.243349 ], [ -96.023945, 41.246928 ], [ -96.023927, 41.248531 ] ] ] } },
{ "type": "Feature", "properties": { "GEOID": "31055003000", "NAME": "Census Tract 30; Douglas County; Nebraska", "incomeE": 53354.0, "incomeM": 15765.0 }, "geometry": { "type": "Polygon", "coordinates": [ [ [ -95.981873, 41.190844 ], [ -95.981823, 41.194438 ], [ -95.977011, 41.194462 ], [ -95.977004, 41.198092 ], [ -95.976983, 41.201771 ], [ -95.976943, 41.2049 ], [ -95.976662, 41.205488 ], [ -95.974931, 41.207311 ], [ -95.970034, 41.210519 ], [ -95.968881, 41.212455 ], [ -95.967054, 41.212277 ], [ -95.967333, 41.205399 ], [ -95.967366, 41.201835 ], [ -95.967386, 41.198141 ], [ -95.963287, 41.198162 ], [ -95.957708, 41.197561 ], [ -95.957707, 41.194548 ], [ -95.957693, 41.190876 ], [ -95.967396, 41.190849 ], [ -95.977015, 41.1908 ], [ -95.981898, 41.190776 ], [ -95.981873, 41.190844 ] ] ] } },
{ "type": "Feature", "properties": { "GEOID": "31055005500", "NAME": "Census Tract 55; Douglas County; Nebraska", "incomeE": 107298.0, "incomeM": 28549.0 }, "geometry": { "type": "Polygon", "coordinates": [ [ [ -96.004817, 41.272305 ], [ -96.004779, 41.277738 ], [ -96.004787, 41.281365 ], [ -96.004781, 41.283174 ], [ -95.995049, 41.283225 ], [ -95.993159, 41.283236 ], [ -95.990255, 41.281501 ], [ -95.985223, 41.281472 ], [ -95.983504, 41.28097 ], [ -95.983458, 41.277309 ], [ -95.983469, 41.273202 ], [ -95.983555, 41.273203 ], [ -95.985424, 41.273148 ], [ -95.990224, 41.273153 ], [ -95.995056, 41.273138 ], [ -95.995064, 41.270538 ], [ -96.001869, 41.270498 ], [ -96.00483, 41.27048 ], [ -96.004817, 41.272305 ] ] ] } },
{ "type": "Feature", "properties": { "GEOID": "31055005901", "NAME": "Census Tract 59.01; Douglas County; Nebraska", "incomeE": 40522.0, "incomeM": 10818.0 }, "geometry": { "type": "Polygon", "coordinates": [ [ [ -95.985466, 41.299598 ], [ -95.980208, 41.29954 ], [ -95.975822, 41.299568 ], [ -95.972185, 41.299556 ], [ -95.972166, 41.294106 ], [ -95.97216, 41.292292 ], [ -95.972143, 41.288663 ], [ -95.980597, 41.288691 ], [ -95.983029, 41.288693 ], [ -95.985455, 41.288701 ], [ -95.985499, 41.292396 ], [ -95.985466, 41.299598 ] ] ] } },
{ "type": "Feature", "properties": { "GEOID": "31055006903", "NAME": "Census Tract 69.03; Douglas County; Nebraska", "incomeE": 75149.0, "incomeM": 7834.0 }, "geometry": { "type": "Polygon", "coordinates": [ [ [ -96.100745, 41.229209 ], [ -96.100725, 41.230494 ], [ -96.100713, 41.231379 ], [ -96.100696, 41.234029 ], [ -96.091098, 41.234122 ], [ -96.086599, 41.234157 ], [ -96.087814, 41.226845 ], [ -96.088288, 41.225197 ], [ -96.090898, 41.221531 ], [ -96.100732, 41.22152 ], [ -96.100733, 41.222385 ], [ -96.100745, 41.229209 ] ] ] } },
{ "type": "Feature", "properties": { "GEOID": "31055007431", "NAME": "Census Tract 74.31; Douglas County; Nebraska", "incomeE": 99896.0, "incomeM": 15517.0 }, "geometry": { "type": "Polygon", "coordinates": [ [ [ -96.138867, 41.295288 ], [ -96.138838, 41.298971 ], [ -96.138829, 41.302386 ], [ -96.138852, 41.306591 ], [ -96.123627, 41.306617 ], [ -96.119624, 41.306618 ], [ -96.119625, 41.302955 ], [ -96.119655, 41.296292 ], [ -96.119645, 41.292197 ], [ -96.128319, 41.292035 ], [ -96.138873, 41.292177 ], [ -96.138867, 41.295288 ] ] ] } },
{ "type": "Feature", "properties": { "GEOID": "31055006503", "NAME": "Census Tract 65.03; Douglas County; Nebraska", "incomeE": 85030.0, "incomeM": 8606.0 }, "geometry": { "type": "Polygon", "coordinates": [ [ [ -96.052632, 41.306689 ], [ -96.052588, 41.313142 ], [ -96.049915, 41.311831 ], [ -96.046392, 41.310478 ], [ -96.046057, 41.310964 ], [ -96.04537, 41.31147 ], [ -96.041771, 41.312703 ], [ -96.033388, 41.312746 ], [ -96.023843, 41.312735 ], [ -96.023852, 41.310342 ], [ -96.023822, 41.306738 ], [ -96.023886, 41.297645 ], [ -96.032362, 41.301879 ], [ -96.03356, 41.302745 ], [ -96.034224, 41.302119 ], [ -96.032693, 41.299124 ], [ -96.035142, 41.297617 ], [ -96.036532, 41.296634 ], [ -96.037159, 41.296424 ], [ -96.038249, 41.297523 ], [ -96.040426, 41.29821 ], [ -96.052615, 41.298361 ], [ -96.052617, 41.300066 ], [ -96.052632, 41.306689 ] ] ] } },
{ "type": "Feature", "properties": { "GEOID": "31055006905", "NAME": "Census Tract 69.05; Douglas County; Nebraska", "incomeE": 76615.0, "incomeM": 12523.0 }, "geometry": { "type": "Polygon", "coordinates": [ [ [ -96.062331, 41.22195 ], [ -96.062317, 41.223365 ], [ -96.058856, 41.223383 ], [ -96.058855, 41.223971 ], [ -96.057514, 41.224905 ], [ -96.057295, 41.228467 ], [ -96.056287, 41.230367 ], [ -96.054813, 41.232974 ], [ -96.058082, 41.233499 ], [ -96.055352, 41.233982 ], [ -96.053889, 41.234203 ], [ -96.05266, 41.234252 ], [ -96.043077, 41.234259 ], [ -96.0431, 41.227775 ], [ -96.04314, 41.226323 ], [ -96.04317, 41.225627 ], [ -96.043122, 41.221566 ], [ -96.06234, 41.221553 ], [ -96.062331, 41.22195 ] ] ] } },
{ "type": "Feature", "properties": { "GEOID": "31055006504", "NAME": "Census Tract 65.04; Douglas County; Nebraska", "incomeE": 60000.0, "incomeM": 15290.0 }, "geometry": { "type": "Polygon", "coordinates": [ [ [ -96.05314, 41.291153 ], [ -96.052587, 41.294806 ], [ -96.052569, 41.295469 ], [ -96.052615, 41.298361 ], [ -96.040426, 41.29821 ], [ -96.038249, 41.297523 ], [ -96.037159, 41.296424 ], [ -96.036532, 41.296634 ], [ -96.035142, 41.297617 ], [ -96.032693, 41.299124 ], [ -96.034224, 41.302119 ], [ -96.03356, 41.302745 ], [ -96.032362, 41.301879 ], [ -96.023886, 41.297645 ], [ -96.023833, 41.295906 ], [ -96.023909, 41.292328 ], [ -96.023904, 41.288688 ], [ -96.0239, 41.285063 ], [ -96.028163, 41.28506 ], [ -96.03587, 41.285065 ], [ -96.042184, 41.285068 ], [ -96.047805, 41.285071 ], [ -96.05261, 41.285067 ], [ -96.052617, 41.288287 ], [ -96.05314, 41.291153 ] ] ] } },
{ "type": "Feature", "properties": { "GEOID": "31055007444", "NAME": "Census Tract 74.44; Douglas County; Nebraska", "incomeE": 50286.0, "incomeM": 3882.0 }, "geometry": { "type": "Polygon", "coordinates": [ [ [ -96.100538, 41.271744 ], [ -96.100527, 41.27768 ], [ -96.09487, 41.277731 ], [ -96.091447, 41.277738 ], [ -96.088751, 41.277742 ], [ -96.08558, 41.27776 ], [ -96.081325, 41.277789 ], [ -96.081391, 41.267524 ], [ -96.083765, 41.264442 ], [ -96.082473, 41.263404 ], [ -96.085797, 41.263358 ], [ -96.090987, 41.263189 ], [ -96.100594, 41.26313 ], [ -96.100538, 41.271744 ] ] ] } },
{ "type": "Feature", "properties": { "GEOID": "31055007407", "NAME": "Census Tract 74.07; Douglas County; Nebraska", "incomeE": 69967.0, "incomeM": 17744.0 }, "geometry": { "type": "Polygon", "coordinates": [ [ [ -96.119575, 41.248635 ], [ -96.112101, 41.248625 ], [ -96.100654, 41.24864 ], [ -96.100673, 41.241389 ], [ -96.100692, 41.240913 ], [ -96.100696, 41.234029 ], [ -96.106392, 41.234018 ], [ -96.107509, 41.234049 ], [ -96.111864, 41.234046 ], [ -96.119498, 41.234089 ], [ -96.119519, 41.238935 ], [ -96.119534, 41.241346 ], [ -96.119537, 41.241825 ], [ -96.119575, 41.248635 ] ] ] } },
{ "type": "Feature", "properties": { "GEOID": "31055007432", "NAME": "Census Tract 74.32; Douglas County; Nebraska", "incomeE": 74688.0, "incomeM": 21194.0 }, "geometry": { "type": "Polygon", "coordinates": [ [ [ -96.119655, 41.296292 ], [ -96.119625, 41.302955 ], [ -96.119624, 41.306618 ], [ -96.110758, 41.306641 ], [ -96.104365, 41.306616 ], [ -96.104429, 41.303618 ], [ -96.103766, 41.301952 ], [ -96.101406, 41.297332 ], [ -96.100681, 41.29693 ], [ -96.099447, 41.295948 ], [ -96.098209, 41.292456 ], [ -96.097135, 41.291266 ], [ -96.100675, 41.292087 ], [ -96.105501, 41.292271 ], [ -96.119645, 41.292197 ], [ -96.119655, 41.296292 ] ] ] } },
{ "type": "Feature", "properties": { "GEOID": "31055007452", "NAME": "Census Tract 74.52; Douglas County; Nebraska", "incomeE": 146196.0, "incomeM": 17046.0 }, "geometry": { "type": "Polygon", "coordinates": [ [ [ -96.196424, 41.210118 ], [ -96.19633, 41.219434 ], [ -96.196236, 41.226784 ], [ -96.194254, 41.226771 ], [ -96.193578, 41.226786 ], [ -96.193021, 41.226974 ], [ -96.193536, 41.22718 ], [ -96.193053, 41.227404 ], [ -96.192503, 41.22719 ], [ -96.19228, 41.227547 ], [ -96.192051, 41.227108 ], [ -96.191687, 41.227077 ], [ -96.19163, 41.227545 ], [ -96.190591, 41.227315 ], [ -96.19056, 41.227151 ], [ -96.190943, 41.226798 ], [ -96.187628, 41.22618 ], [ -96.186627, 41.224631 ], [ -96.188206, 41.22411 ], [ -96.179259, 41.220912 ], [ -96.1771, 41.220839 ], [ -96.177235, 41.211177 ], [ -96.177297, 41.20887 ], [ -96.177347, 41.20518 ], [ -96.196496, 41.205186 ], [ -96.196424, 41.210118 ] ] ] } },
{ "type": "Feature", "properties": { "GEOID": "31055007312", "NAME": "Census Tract 73.12; Douglas County; Nebraska", "incomeE": 48750.0, "incomeM": 12507.0 }, "geometry": { "type": "Polygon", "coordinates": [ [ [ -96.070629, 41.31392 ], [ -96.070127, 41.320422 ], [ -96.069232, 41.322211 ], [ -96.067787, 41.323799 ], [ -96.062728, 41.327239 ], [ -96.062108, 41.326836 ], [ -96.059012, 41.324819 ], [ -96.057308, 41.323648 ], [ -96.055261, 41.321453 ], [ -96.054831, 41.32084 ], [ -96.053442, 41.317996 ], [ -96.053031, 41.316887 ], [ -96.052223, 41.316624 ], [ -96.052478, 41.315173 ], [ -96.052547, 41.314765 ], [ -96.052586, 41.313233 ], [ -96.052588, 41.313142 ], [ -96.052632, 41.306689 ], [ -96.061401, 41.306683 ], [ -96.066995, 41.306673 ], [ -96.070941, 41.306667 ], [ -96.070629, 41.31392 ] ] ] } },
{ "type": "Feature", "properties": { "GEOID": "31055007461", "NAME": "Census Tract 74.61; Douglas County; Nebraska", "incomeE": 138304.0, "incomeM": 30685.0 }, "geometry": { "type": "Polygon", "coordinates": [ [ [ -96.177444, 41.196435 ], [ -96.17741, 41.198364 ], [ -96.177347, 41.20518 ], [ -96.167121, 41.205263 ], [ -96.163117, 41.205312 ], [ -96.158151, 41.205357 ], [ -96.158193, 41.202531 ], [ -96.158294, 41.195183 ], [ -96.158333, 41.190762 ], [ -96.168998, 41.190672 ], [ -96.174312, 41.190645 ], [ -96.177523, 41.190622 ], [ -96.177444, 41.196435 ] ] ] } },
{ "type": "Feature", "properties": { "GEOID": "31055000300", "NAME": "Census Tract 3; Douglas County; Nebraska", "incomeE": 29611.0, "incomeM": 9928.0 }, "geometry": { "type": "Polygon", "coordinates": [ [ [ -95.956555, 41.312127 ], [ -95.956551, 41.315755 ], [ -95.956525, 41.31757 ], [ -95.945381, 41.317573 ], [ -95.945413, 41.312087 ], [ -95.944898, 41.309349 ], [ -95.944821, 41.309039 ], [ -95.94374, 41.307084 ], [ -95.944241, 41.306565 ], [ -95.94694, 41.305021 ], [ -95.946928, 41.306659 ], [ -95.956561, 41.306676 ], [ -95.956555, 41.312127 ] ] ] } },
{ "type": "Feature", "properties": { "GEOID": "31055001600", "NAME": "Census Tract 16; Douglas County; Nebraska", "incomeE": 24219.0, "incomeM": 17745.0 }, "geometry": { "type": "Polygon", "coordinates": [ [ [ -95.956512, 41.267948 ], [ -95.947024, 41.267964 ], [ -95.937098, 41.267949 ], [ -95.935935, 41.26794 ], [ -95.935806, 41.264773 ], [ -95.93314, 41.264789 ], [ -95.933191, 41.25969 ], [ -95.942383, 41.25974 ], [ -95.946889, 41.259771 ], [ -95.956614, 41.259758 ], [ -95.956512, 41.267948 ] ] ] } },
{ "type": "Feature", "properties": { "GEOID": "31055002000", "NAME": "Census Tract 20; Douglas County; Nebraska", "incomeE": 55727.0, "incomeM": 19997.0 }, "geometry": { "type": "Polygon", "coordinates": [ [ [ -95.952249, 41.229578 ], [ -95.950634, 41.23551 ], [ -95.949077, 41.238697 ], [ -95.948429, 41.239741 ], [ -95.942245, 41.244668 ], [ -95.937237, 41.2495 ], [ -95.937242, 41.24806 ], [ -95.937336, 41.24286 ], [ -95.937353, 41.238205 ], [ -95.937358, 41.23696 ], [ -95.937363, 41.234377 ], [ -95.940208, 41.233311 ], [ -95.942259, 41.233017 ], [ -95.944147, 41.233014 ], [ -95.94415, 41.231806 ], [ -95.947043, 41.231816 ], [ -95.947038, 41.226202 ], [ -95.951997, 41.226304 ], [ -95.95396, 41.227133 ], [ -95.952249, 41.229578 ] ] ] } },
{ "type": "Feature", "properties": { "GEOID": "31055002900", "NAME": "Census Tract 29; Douglas County; Nebraska", "incomeE": 49188.0, "incomeM": 17810.0 }, "geometry": { "type": "Polygon", "coordinates": [ [ [ -95.967366, 41.201835 ], [ -95.967333, 41.205399 ], [ -95.96003, 41.205494 ], [ -95.95322, 41.205595 ], [ -95.950468, 41.205621 ], [ -95.949383, 41.205602 ], [ -95.947065, 41.205593 ], [ -95.947041, 41.201879 ], [ -95.945907, 41.200413 ], [ -95.942303, 41.197022 ], [ -95.941988, 41.196536 ], [ -95.941005, 41.195068 ], [ -95.936841, 41.190974 ], [ -95.939751, 41.190988 ], [ -95.947933, 41.190953 ], [ -95.952828, 41.1909 ], [ -95.957693, 41.190876 ], [ -95.957707, 41.194548 ], [ -95.957708, 41.197561 ], [ -95.963287, 41.198162 ], [ -95.967386, 41.198141 ], [ -95.967366, 41.201835 ] ] ] } },
{ "type": "Feature", "properties": { "GEOID": "31055003900", "NAME": "Census Tract 39; Douglas County; Nebraska", "incomeE": 43983.0, "incomeM": 5964.0 }, "geometry": { "type": "Polygon", "coordinates": [ [ [ -95.961397, 41.252401 ], [ -95.953898, 41.252414 ], [ -95.947023, 41.252394 ], [ -95.947107, 41.25169 ], [ -95.947048, 41.248958 ], [ -95.947706, 41.248808 ], [ -95.953917, 41.248808 ], [ -95.959854, 41.248787 ], [ -95.961403, 41.248784 ], [ -95.961397, 41.252401 ] ] ] } },
{ "type": "Feature", "properties": { "GEOID": "31055004600", "NAME": "Census Tract 46; Douglas County; Nebraska", "incomeE": 93857.0, "incomeM": 26977.0 }, "geometry": { "type": "Polygon", "coordinates": [ [ [ -96.023899, 41.255994 ], [ -96.023898, 41.256025 ], [ -96.015709, 41.256036 ], [ -96.015503, 41.255987 ], [ -96.014626, 41.255778 ], [ -96.004955, 41.256584 ], [ -96.004935, 41.259595 ], [ -96.004276, 41.259599 ], [ -95.995069, 41.25965 ], [ -95.995065, 41.257828 ], [ -95.995984, 41.25308 ], [ -95.99585, 41.252394 ], [ -96.004753, 41.252352 ], [ -96.004764, 41.24874 ], [ -96.014335, 41.248748 ], [ -96.015593, 41.248754 ], [ -96.020316, 41.248768 ], [ -96.021854, 41.248777 ], [ -96.02393, 41.248778 ], [ -96.023899, 41.255994 ] ] ] } },
{ "type": "Feature", "properties": { "GEOID": "31055006605", "NAME": "Census Tract 66.05; Douglas County; Nebraska", "incomeE": 59665.0, "incomeM": 12274.0 }, "geometry": { "type": "Polygon", "coordinates": [ [ [ -96.062148, 41.277784 ], [ -96.052613, 41.277798 ], [ -96.052592, 41.274184 ], [ -96.05257, 41.270559 ], [ -96.052533, 41.26334 ], [ -96.057313, 41.263354 ], [ -96.062117, 41.263385 ], [ -96.062132, 41.270568 ], [ -96.062148, 41.277784 ] ] ] } },
{ "type": "Feature", "properties": { "GEOID": "31055006301", "NAME": "Census Tract 63.01; Douglas County; Nebraska", "incomeE": 46187.0, "incomeM": 7235.0 }, "geometry": { "type": "Polygon", "coordinates": [ [ [ -96.004672, 41.332083 ], [ -95.997817, 41.331852 ], [ -95.996957, 41.330587 ], [ -95.994722, 41.330191 ], [ -95.9951, 41.32824 ], [ -95.992382, 41.328193 ], [ -95.992574, 41.324764 ], [ -95.988853, 41.324827 ], [ -95.988792, 41.321297 ], [ -95.986216, 41.32173 ], [ -95.985184, 41.322248 ], [ -95.985392, 41.314868 ], [ -95.98542, 41.31216 ], [ -95.987805, 41.311142 ], [ -95.987791, 41.310356 ], [ -95.990213, 41.310363 ], [ -96.004617, 41.310359 ], [ -96.004622, 41.317625 ], [ -96.004648, 41.324832 ], [ -96.004672, 41.332083 ] ] ] } },
{ "type": "Feature", "properties": { "GEOID": "31055007454", "NAME": "Census Tract 74.54; Douglas County; Nebraska", "incomeE": 101411.0, "incomeM": 11251.0 }, "geometry": { "type": "Polygon", "coordinates": [ [ [ -96.158037, 41.212114 ], [ -96.157722, 41.213652 ], [ -96.155203, 41.215506 ], [ -96.154263, 41.217273 ], [ -96.15552, 41.21928 ], [ -96.154947, 41.219523 ], [ -96.147111, 41.219524 ], [ -96.138748, 41.219511 ], [ -96.138778, 41.212659 ], [ -96.138763, 41.20955 ], [ -96.138762, 41.205385 ], [ -96.147744, 41.205344 ], [ -96.158151, 41.205357 ], [ -96.158037, 41.212114 ] ] ] } },
{ "type": "Feature", "properties": { "GEOID": "31055006506", "NAME": "Census Tract 65.06; Douglas County; Nebraska", "incomeE": 35246.0, "incomeM": 7126.0 }, "geometry": { "type": "Polygon", "coordinates": [ [ [ -96.023843, 41.312735 ], [ -96.023834, 41.319374 ], [ -96.019509, 41.317756 ], [ -96.014228, 41.317612 ], [ -96.012342, 41.317615 ], [ -96.004622, 41.317625 ], [ -96.004617, 41.310359 ], [ -96.004623, 41.306689 ], [ -96.004628, 41.30622 ], [ -96.005893, 41.305176 ], [ -96.011277, 41.304217 ], [ -96.011847, 41.303125 ], [ -96.012383, 41.306681 ], [ -96.013563, 41.306719 ], [ -96.023822, 41.306738 ], [ -96.023852, 41.310342 ], [ -96.023843, 41.312735 ] ] ] } },
{ "type": "Feature", "properties": { "GEOID": "31055007467", "NAME": "Census Tract 74.67; Douglas County; Nebraska", "incomeE": 70739.0, "incomeM": 9633.0 }, "geometry": { "type": "Polygon", "coordinates": [ [ [ -96.06199, 41.205332 ], [ -96.052399, 41.205331 ], [ -96.048263, 41.205317 ], [ -96.043005, 41.205302 ], [ -96.043117, 41.200858 ], [ -96.043119, 41.200762 ], [ -96.043118, 41.200717 ], [ -96.043031, 41.200711 ], [ -96.043026, 41.200595 ], [ -96.043018, 41.198557 ], [ -96.043016, 41.19839 ], [ -96.042911, 41.190686 ], [ -96.049126, 41.19071 ], [ -96.051875, 41.190698 ], [ -96.05746, 41.190701 ], [ -96.061905, 41.190704 ], [ -96.061978, 41.198466 ], [ -96.061976, 41.203049 ], [ -96.06199, 41.205332 ] ] ] } },
{ "type": "Feature", "properties": { "GEOID": "31055007434", "NAME": "Census Tract 74.34; Douglas County; Nebraska", "incomeE": 58947.0, "incomeM": 11274.0 }, "geometry": { "type": "Polygon", "coordinates": [ [ [ -96.081447, 41.296274 ], [ -96.081429, 41.297711 ], [ -96.08144, 41.300835 ], [ -96.08142, 41.306646 ], [ -96.070941, 41.306667 ], [ -96.071484, 41.297705 ], [ -96.071891, 41.296271 ], [ -96.075436, 41.287162 ], [ -96.075752, 41.286071 ], [ -96.081386, 41.287511 ], [ -96.081416, 41.288723 ], [ -96.081441, 41.294453 ], [ -96.081447, 41.296274 ] ] ] } },
{ "type": "Feature", "properties": { "GEOID": "31055007456", "NAME": "Census Tract 74.56; Douglas County; Nebraska", "incomeE": 66076.0, "incomeM": 7194.0 }, "geometry": { "type": "Polygon", "coordinates": [ [ [ -96.119665, 41.212955 ], [ -96.110519, 41.21256 ], [ -96.102634, 41.2125 ], [ -96.095156, 41.211718 ], [ -96.091793, 41.212058 ], [ -96.093848, 41.207672 ], [ -96.094392, 41.205313 ], [ -96.107469, 41.205232 ], [ -96.119537, 41.205145 ], [ -96.119, 41.205403 ], [ -96.119527, 41.211176 ], [ -96.120397, 41.212187 ], [ -96.119665, 41.212955 ] ] ] } },
{ "type": "Feature", "properties": { "GEOID": "31055007457", "NAME": "Census Tract 74.57; Douglas County; Nebraska", "incomeE": 57620.0, "incomeM": 4114.0 }, "geometry": { "type": "Polygon", "coordinates": [ [ [ -96.094392, 41.205313 ], [ -96.093848, 41.207672 ], [ -96.091793, 41.212058 ], [ -96.087973, 41.212511 ], [ -96.08145, 41.21252 ], [ -96.062189, 41.212487 ], [ -96.062097, 41.208973 ], [ -96.06199, 41.205332 ], [ -96.070205, 41.205336 ], [ -96.07177, 41.205326 ], [ -96.081424, 41.205311 ], [ -96.090343, 41.205375 ], [ -96.094213, 41.205312 ], [ -96.094392, 41.205313 ] ] ] } },
{ "type": "Feature", "properties": { "GEOID": "31055007465", "NAME": "Census Tract 74.65; Douglas County; Nebraska", "incomeE": 76174.0, "incomeM": 8958.0 }, "geometry": { "type": "Polygon", "coordinates": [ [ [ -96.096918, 41.194257 ], [ -96.095897, 41.196803 ], [ -96.094658, 41.203117 ], [ -96.094213, 41.205312 ], [ -96.090343, 41.205375 ], [ -96.081424, 41.205311 ], [ -96.081407, 41.201618 ], [ -96.081389, 41.199282 ], [ -96.081383, 41.19657 ], [ -96.081396, 41.190756 ], [ -96.088584, 41.190726 ], [ -96.101289, 41.190592 ], [ -96.096918, 41.194257 ] ] ] } },
{ "type": "Feature", "properties": { "GEOID": "31055007459", "NAME": "Census Tract 74.59; Douglas County; Nebraska", "incomeE": 48990.0, "incomeM": 11245.0 }, "geometry": { "type": "Polygon", "coordinates": [ [ [ -96.043119, 41.200762 ], [ -96.043117, 41.200858 ], [ -96.043005, 41.205302 ], [ -96.043024, 41.208956 ], [ -96.043014, 41.21229 ], [ -96.043028, 41.212494 ], [ -96.023859, 41.212496 ], [ -96.023776, 41.208904 ], [ -96.023769, 41.205283 ], [ -96.023813, 41.202057 ], [ -96.023794, 41.199048 ], [ -96.031899, 41.199345 ], [ -96.038901, 41.199494 ], [ -96.043018, 41.198557 ], [ -96.043026, 41.200595 ], [ -96.043031, 41.200711 ], [ -96.043118, 41.200717 ], [ -96.043119, 41.200762 ] ] ] } },
{ "type": "Feature", "properties": { "GEOID": "31055006400", "NAME": "Census Tract 64; Douglas County; Nebraska", "incomeE": 64375.0, "incomeM": 21419.0 }, "geometry": { "type": "Polygon", "coordinates": [ [ [ -96.023871, 41.263283 ], [ -96.023881, 41.264152 ], [ -96.02388, 41.264404 ], [ -96.023874, 41.266912 ], [ -96.023872, 41.26983 ], [ -96.02384, 41.272347 ], [ -96.023863, 41.277798 ], [ -96.023883, 41.281425 ], [ -96.014348, 41.281395 ], [ -96.014357, 41.27776 ], [ -96.004779, 41.277738 ], [ -96.004817, 41.272305 ], [ -96.00483, 41.27048 ], [ -96.001869, 41.270498 ], [ -96.002231, 41.269071 ], [ -96.004064, 41.26809 ], [ -96.005294, 41.265041 ], [ -96.005798, 41.265041 ], [ -96.009782, 41.265052 ], [ -96.010666, 41.26713 ], [ -96.014328, 41.267849 ], [ -96.014341, 41.266877 ], [ -96.016289, 41.26688 ], [ -96.019129, 41.263281 ], [ -96.019131, 41.259643 ], [ -96.023918, 41.259641 ], [ -96.023871, 41.263283 ] ] ] } },
{ "type": "Feature", "properties": { "GEOID": "31055006701", "NAME": "Census Tract 67.01; Douglas County; Nebraska", "incomeE": 120847.0, "incomeM": 12405.0 }, "geometry": { "type": "Polygon", "coordinates": [ [ [ -96.062175, 41.252718 ], [ -96.062174, 41.256082 ], [ -96.062117, 41.263385 ], [ -96.057313, 41.263354 ], [ -96.052533, 41.26334 ], [ -96.047713, 41.263437 ], [ -96.046011, 41.263301 ], [ -96.037589, 41.263305 ], [ -96.036291, 41.263302 ], [ -96.023871, 41.263283 ], [ -96.023918, 41.259641 ], [ -96.023912, 41.25948 ], [ -96.023898, 41.256025 ], [ -96.023899, 41.255994 ], [ -96.02393, 41.248778 ], [ -96.033476, 41.248787 ], [ -96.039363, 41.248799 ], [ -96.042997, 41.248799 ], [ -96.052601, 41.248798 ], [ -96.062249, 41.248788 ], [ -96.062175, 41.252718 ] ] ] } },
{ "type": "Feature", "properties": { "GEOID": "31055007304", "NAME": "Census Tract 73.04; Douglas County; Nebraska", "incomeE": 123438.0, "incomeM": 18581.0 }, "geometry": { "type": "Polygon", "coordinates": [ [ [ -96.023822, 41.341512 ], [ -96.013904, 41.34469 ], [ -96.009986, 41.345668 ], [ -96.007002, 41.346072 ], [ -95.989245, 41.347385 ], [ -95.982108, 41.347243 ], [ -95.977232, 41.346625 ], [ -95.966961, 41.344734 ], [ -95.964226, 41.344724 ], [ -95.963797, 41.343152 ], [ -95.971933, 41.343468 ], [ -95.969653, 41.334767 ], [ -95.971517, 41.334469 ], [ -95.971181, 41.333278 ], [ -95.97332, 41.332891 ], [ -95.973329, 41.329225 ], [ -95.97333, 41.327425 ], [ -95.973327, 41.326009 ], [ -95.975672, 41.325956 ], [ -95.976003, 41.326054 ], [ -95.98033, 41.324662 ], [ -95.985184, 41.322248 ], [ -95.986216, 41.32173 ], [ -95.988792, 41.321297 ], [ -95.988853, 41.324827 ], [ -95.992574, 41.324764 ], [ -95.992382, 41.328193 ], [ -95.9951, 41.32824 ], [ -95.994722, 41.330191 ], [ -95.996957, 41.330587 ], [ -95.997817, 41.331852 ], [ -96.004672, 41.332083 ], [ -96.004691, 41.335754 ], [ -96.023813, 41.335701 ], [ -96.023822, 41.341512 ] ] ] } },
{ "type": "Feature", "properties": { "GEOID": "31055002500", "NAME": "Census Tract 25; Douglas County; Nebraska", "incomeE": 62807.0, "incomeM": 6913.0 }, "geometry": { "type": "Polygon", "coordinates": [ [ [ -95.947038, 41.226202 ], [ -95.94309, 41.226342 ], [ -95.942242, 41.226475 ], [ -95.941368, 41.226692 ], [ -95.937357, 41.228181 ], [ -95.933311, 41.229696 ], [ -95.933311, 41.229558 ], [ -95.932558, 41.229728 ], [ -95.924203, 41.230648 ], [ -95.910961926941098, 41.2315977356958 ], [ -95.912591, 41.226998 ], [ -95.915091, 41.222998 ], [ -95.924658887283201, 41.211477482658999 ], [ -95.92563, 41.212284 ], [ -95.929201, 41.212997 ], [ -95.933335, 41.212954 ], [ -95.933347, 41.214669 ], [ -95.936209, 41.219162 ], [ -95.938446, 41.220171 ], [ -95.94046, 41.219592 ], [ -95.941761, 41.219538 ], [ -95.942874, 41.219713 ], [ -95.947048, 41.219717 ], [ -95.947038, 41.226202 ] ] ] } },
{ "type": "Feature", "properties": { "GEOID": "31055007408", "NAME": "Census Tract 74.08; Douglas County; Nebraska", "incomeE": 67748.0, "incomeM": 14708.0 }, "geometry": { "type": "Polygon", "coordinates": [ [ [ -96.119511, 41.227565 ], [ -96.119501, 41.231589 ], [ -96.119498, 41.234089 ], [ -96.111864, 41.234046 ], [ -96.107509, 41.234049 ], [ -96.106392, 41.234018 ], [ -96.100696, 41.234029 ], [ -96.100713, 41.231379 ], [ -96.100725, 41.230494 ], [ -96.100745, 41.229209 ], [ -96.100733, 41.222385 ], [ -96.100732, 41.22152 ], [ -96.100732, 41.221486 ], [ -96.110306, 41.221509 ], [ -96.119503, 41.221371 ], [ -96.119511, 41.227565 ] ] ] } },
{ "type": "Feature", "properties": { "GEOID": "31055007409", "NAME": "Census Tract 74.09; Douglas County; Nebraska", "incomeE": 88355.0, "incomeM": 8924.0 }, "geometry": { "type": "Polygon", "coordinates": [ [ [ -96.154184, 41.233632 ], [ -96.153099, 41.234033 ], [ -96.153014, 41.234035 ], [ -96.151118, 41.23408 ], [ -96.138587, 41.233848 ], [ -96.129198, 41.233988 ], [ -96.127301, 41.234006 ], [ -96.119498, 41.234089 ], [ -96.119501, 41.231589 ], [ -96.119511, 41.227565 ], [ -96.119503, 41.221371 ], [ -96.110306, 41.221509 ], [ -96.100732, 41.221486 ], [ -96.100732, 41.22152 ], [ -96.090898, 41.221531 ], [ -96.081537, 41.221543 ], [ -96.06234, 41.221553 ], [ -96.043122, 41.221566 ], [ -96.02517, 41.221593 ], [ -96.02425, 41.221667 ], [ -96.023894, 41.221681 ], [ -96.023905, 41.219719 ], [ -96.023859, 41.212496 ], [ -96.043028, 41.212494 ], [ -96.052567, 41.212481 ], [ -96.062189, 41.212487 ], [ -96.08145, 41.21252 ], [ -96.087973, 41.212511 ], [ -96.091793, 41.212058 ], [ -96.095156, 41.211718 ], [ -96.102634, 41.2125 ], [ -96.110519, 41.21256 ], [ -96.119665, 41.212955 ], [ -96.120397, 41.212187 ], [ -96.138778, 41.212659 ], [ -96.138748, 41.219511 ], [ -96.138781, 41.219986 ], [ -96.13879, 41.221658 ], [ -96.15747, 41.233936 ], [ -96.154184, 41.233632 ] ] ] } },
{ "type": "Feature", "properties": { "GEOID": "31055007472", "NAME": "Census Tract 74.72; Douglas County; Nebraska", "incomeE": 98393.0, "incomeM": 12732.0 }, "geometry": { "type": "Polygon", "coordinates": [ [ [ -96.158137, 41.292135 ], [ -96.148548, 41.292102 ], [ -96.143652, 41.29214 ], [ -96.138873, 41.292177 ], [ -96.138852, 41.287537 ], [ -96.138842, 41.28508 ], [ -96.138808, 41.277663 ], [ -96.14231, 41.277622 ], [ -96.14487, 41.277578 ], [ -96.154096, 41.277568 ], [ -96.158055, 41.277544 ], [ -96.158076, 41.284354 ], [ -96.158137, 41.292135 ] ] ] } },
{ "type": "Feature", "properties": { "GEOID": "31055007451", "NAME": "Census Tract 74.51; Douglas County; Nebraska", "incomeE": 102331.0, "incomeM": 6641.0 }, "geometry": { "type": "Polygon", "coordinates": [ [ [ -96.196139, 41.234286 ], [ -96.194447, 41.234308 ], [ -96.182288, 41.234134 ], [ -96.176863, 41.23415 ], [ -96.171893, 41.234022 ], [ -96.165056, 41.233988 ], [ -96.158738, 41.233967 ], [ -96.15747, 41.233936 ], [ -96.13879, 41.221658 ], [ -96.138781, 41.219986 ], [ -96.138748, 41.219511 ], [ -96.147111, 41.219524 ], [ -96.154947, 41.219523 ], [ -96.15552, 41.21928 ], [ -96.156632, 41.220081 ], [ -96.157597, 41.221399 ], [ -96.161598, 41.222418 ], [ -96.163389, 41.21911 ], [ -96.16645, 41.218603 ], [ -96.168155, 41.218496 ], [ -96.171395, 41.220134 ], [ -96.1771, 41.220839 ], [ -96.179259, 41.220912 ], [ -96.188206, 41.22411 ], [ -96.186627, 41.224631 ], [ -96.187628, 41.22618 ], [ -96.190943, 41.226798 ], [ -96.19056, 41.227151 ], [ -96.190591, 41.227315 ], [ -96.19163, 41.227545 ], [ -96.191687, 41.227077 ], [ -96.192051, 41.227108 ], [ -96.19228, 41.227547 ], [ -96.192503, 41.22719 ], [ -96.193053, 41.227404 ], [ -96.193536, 41.22718 ], [ -96.193021, 41.226974 ], [ -96.193578, 41.226786 ], [ -96.194254, 41.226771 ], [ -96.196236, 41.226784 ], [ -96.196139, 41.234286 ] ] ] } },
{ "type": "Feature", "properties": { "GEOID": "31055007505", "NAME": "Census Tract 75.05; Douglas County; Nebraska", "incomeE": 137965.0, "incomeM": 21597.0 }, "geometry": { "type": "Polygon", "coordinates": [ [ [ -96.311688, 41.390437 ], [ -96.310269, 41.393198 ], [ -96.278032, 41.393034 ], [ -96.24384, 41.393133 ], [ -96.242327, 41.393138 ], [ -96.21499, 41.393076 ], [ -96.197011, 41.393136 ], [ -96.197007, 41.364472 ], [ -96.196903, 41.349946 ], [ -96.206553, 41.349946 ], [ -96.206437, 41.339073 ], [ -96.206399, 41.335434 ], [ -96.206257, 41.320924 ], [ -96.196692, 41.320927 ], [ -96.197327, 41.319816 ], [ -96.196442, 41.30645 ], [ -96.215648, 41.306352 ], [ -96.23446, 41.306326 ], [ -96.234401, 41.29729 ], [ -96.23438, 41.292125 ], [ -96.23438, 41.29191 ], [ -96.237378, 41.291928 ], [ -96.245367, 41.291721 ], [ -96.248354, 41.291676 ], [ -96.254148, 41.292989 ], [ -96.261002, 41.294446 ], [ -96.268037, 41.294702 ], [ -96.268217, 41.294704 ], [ -96.273014, 41.294765 ], [ -96.276929, 41.294702 ], [ -96.28315, 41.293631 ], [ -96.283185, 41.29371 ], [ -96.284942, 41.2999 ], [ -96.287702, 41.3063 ], [ -96.289654, 41.310505 ], [ -96.29052, 41.313537 ], [ -96.291629, 41.313561 ], [ -96.291848, 41.316044 ], [ -96.292238, 41.316614 ], [ -96.293409, 41.318709 ], [ -96.29333, 41.320869 ], [ -96.292972, 41.322362 ], [ -96.294658, 41.327378 ], [ -96.294371, 41.328674 ], [ -96.292359, 41.331243 ], [ -96.292355, 41.332742 ], [ -96.293339, 41.334485 ], [ -96.294493, 41.335174 ], [ -96.300365, 41.335039 ], [ -96.302764, 41.337033 ], [ -96.302547, 41.339663 ], [ -96.301168, 41.340737 ], [ -96.294785, 41.342604 ], [ -96.292342, 41.34435 ], [ -96.291709, 41.345044 ], [ -96.290832, 41.346456 ], [ -96.290455, 41.34772 ], [ -96.290402, 41.348722 ], [ -96.29053, 41.349068 ], [ -96.291155, 41.349608 ], [ -96.2918, 41.349922 ], [ -96.292345, 41.350036 ], [ -96.294557, 41.350312 ], [ -96.296667, 41.350877 ], [ -96.297415, 41.35132 ], [ -96.298093, 41.352693 ], [ -96.297653, 41.353356 ], [ -96.29697, 41.35343 ], [ -96.293476, 41.353101 ], [ -96.292347, 41.353253 ], [ -96.291704, 41.35353 ], [ -96.290421, 41.354095 ], [ -96.290205, 41.354374 ], [ -96.289993, 41.354851 ], [ -96.289975, 41.355455 ], [ -96.290312, 41.356089 ], [ -96.29084, 41.356642 ], [ -96.291611, 41.357012 ], [ -96.292349, 41.357208 ], [ -96.298758, 41.35662 ], [ -96.301988, 41.357376 ], [ -96.302225, 41.359182 ], [ -96.300761, 41.360187 ], [ -96.297669, 41.360682 ], [ -96.294822, 41.362148 ], [ -96.294683, 41.364461 ], [ -96.297678, 41.36806 ], [ -96.299517, 41.371698 ], [ -96.30236, 41.379323 ], [ -96.301876, 41.383159 ], [ -96.299791, 41.385028 ], [ -96.298864, 41.38767 ], [ -96.300097, 41.388694 ], [ -96.303028, 41.388404 ], [ -96.304541, 41.387273 ], [ -96.307906, 41.387043 ], [ -96.310783, 41.388453 ], [ -96.311688, 41.390437 ] ] ] } },
{ "type": "Feature", "properties": { "GEOID": "31055007315", "NAME": "Census Tract 73.15; Douglas County; Nebraska", "incomeE": 106250.0, "incomeM": 12836.0 }, "geometry": { "type": "Polygon", "coordinates": [ [ [ -96.139019, 41.33563 ], [ -96.129036, 41.335626 ], [ -96.114772, 41.335638 ], [ -96.10997, 41.335645 ], [ -96.104993, 41.335654 ], [ -96.100316, 41.335662 ], [ -96.100488, 41.321152 ], [ -96.100522, 41.318776 ], [ -96.100583, 41.313844 ], [ -96.100665, 41.306614 ], [ -96.100829, 41.306614 ], [ -96.104365, 41.306616 ], [ -96.110758, 41.306641 ], [ -96.119624, 41.306618 ], [ -96.123627, 41.306617 ], [ -96.138852, 41.306591 ], [ -96.13886, 41.317699 ], [ -96.138867, 41.321106 ], [ -96.138896, 41.325459 ], [ -96.138922, 41.328262 ], [ -96.138926, 41.328483 ], [ -96.139019, 41.33563 ] ] ] } },
{ "type": "Feature", "properties": { "GEOID": "31055007443", "NAME": "Census Tract 74.43; Douglas County; Nebraska", "incomeE": 98611.0, "incomeM": 31298.0 }, "geometry": { "type": "Polygon", "coordinates": [ [ [ -96.119576, 41.268711 ], [ -96.119581, 41.272451 ], [ -96.119587, 41.277618 ], [ -96.106939, 41.277658 ], [ -96.106236, 41.27768 ], [ -96.100527, 41.27768 ], [ -96.100538, 41.271744 ], [ -96.100594, 41.26313 ], [ -96.102929, 41.26297 ], [ -96.119614, 41.263124 ], [ -96.119576, 41.268711 ] ] ] } },
{ "type": "Feature", "properties": { "GEOID": "31055007449", "NAME": "Census Tract 74.49; Douglas County; Nebraska", "incomeE": 110216.0, "incomeM": 15738.0 }, "geometry": { "type": "Polygon", "coordinates": [ [ [ -96.196287, 41.248491 ], [ -96.183779, 41.248505 ], [ -96.176852, 41.248514 ], [ -96.176908, 41.242748 ], [ -96.176863, 41.23415 ], [ -96.182288, 41.234134 ], [ -96.194447, 41.234308 ], [ -96.196139, 41.234286 ], [ -96.196248, 41.245144 ], [ -96.196287, 41.248491 ] ] ] } },
{ "type": "Feature", "properties": { "GEOID": "31055007303", "NAME": "Census Tract 73.03; Douglas County; Nebraska", "incomeE": 99957.0, "incomeM": 16092.0 }, "geometry": { "type": "Polygon", "coordinates": [ [ [ -96.02489, 41.375549 ], [ -96.02381, 41.376889 ], [ -96.023806, 41.379679 ], [ -96.02381, 41.381035 ], [ -96.023844, 41.387524 ], [ -96.023876, 41.393154 ], [ -96.022083, 41.393185 ], [ -96.006563, 41.393081 ], [ -96.004751, 41.393064 ], [ -96.000291, 41.393058 ], [ -95.996837, 41.393183 ], [ -95.996687, 41.393188 ], [ -95.994832, 41.393182 ], [ -95.93749, 41.393095 ], [ -95.936930712027603, 41.390979432452397 ], [ -95.93519, 41.384395 ], [ -95.92929, 41.374896 ], [ -95.92879, 41.370096 ], [ -95.930945125153201, 41.364806147351203 ], [ -95.93099, 41.364696 ], [ -95.93549, 41.360596 ], [ -95.94099, 41.357496 ], [ -95.952191, 41.353496 ], [ -95.954891, 41.351796 ], [ -95.956791, 41.349196 ], [ -95.956699344525504, 41.3458047474452 ], [ -95.964226, 41.344724 ], [ -95.966961, 41.344734 ], [ -95.977232, 41.346625 ], [ -95.982108, 41.347243 ], [ -95.989245, 41.347385 ], [ -96.007002, 41.346072 ], [ -96.009986, 41.345668 ], [ -96.013904, 41.34469 ], [ -96.023822, 41.341512 ], [ -96.023838, 41.344673 ], [ -96.023817, 41.350125 ], [ -96.02382, 41.3647 ], [ -96.023813, 41.374999 ], [ -96.02489, 41.375549 ] ] ] } },
{ "type": "Feature", "properties": { "GEOID": "31055003200", "NAME": "Census Tract 32; Douglas County; Nebraska", "incomeE": 41739.0, "incomeM": 18748.0 }, "geometry": { "type": "Polygon", "coordinates": [ [ [ -95.957048, 41.222389 ], [ -95.954238, 41.226758 ], [ -95.954084, 41.226965 ], [ -95.95405, 41.22701 ], [ -95.95396, 41.227133 ], [ -95.951997, 41.226304 ], [ -95.947038, 41.226202 ], [ -95.947048, 41.219717 ], [ -95.947043, 41.218509 ], [ -95.947051, 41.212249 ], [ -95.947065, 41.205593 ], [ -95.949383, 41.205602 ], [ -95.950468, 41.205621 ], [ -95.951391, 41.208727 ], [ -95.953135, 41.212293 ], [ -95.956928, 41.219713 ], [ -95.957048, 41.222389 ] ] ] } },
{ "type": "Feature", "properties": { "GEOID": "31055000200", "NAME": "Census Tract 2; Douglas County; Nebraska", "incomeE": 46964.0, "incomeM": 36508.0 }, "geometry": { "type": "Polygon", "coordinates": [ [ [ -95.964226, 41.344724 ], [ -95.956699344525504, 41.3458047474452 ], [ -95.956694033067194, 41.345608223486103 ], [ -95.956691, 41.345496 ], [ -95.953091, 41.339896 ], [ -95.946891, 41.334096 ], [ -95.943229169603697, 41.331591018917102 ], [ -95.939370692187694, 41.328951515747903 ], [ -95.94031, 41.327841 ], [ -95.945664, 41.324871 ], [ -95.945588, 41.323229 ], [ -95.945576, 41.321297 ], [ -95.945646, 41.320338 ], [ -95.945381, 41.317573 ], [ -95.956525, 41.31757 ], [ -95.956544, 41.320675 ], [ -95.956532, 41.322146 ], [ -95.956646, 41.322917 ], [ -95.957065, 41.324409 ], [ -95.957767, 41.326916 ], [ -95.959595, 41.333427 ], [ -95.961702, 41.340861 ], [ -95.963797, 41.343152 ], [ -95.964226, 41.344724 ] ] ] } },
{ "type": "Feature", "properties": { "GEOID": "31055000800", "NAME": "Census Tract 8; Douglas County; Nebraska", "incomeE": 49496.0, "incomeM": 13126.0 }, "geometry": { "type": "Polygon", "coordinates": [ [ [ -95.946987, 41.289207 ], [ -95.946954, 41.299619 ], [ -95.94215, 41.29963 ], [ -95.939428, 41.299578 ], [ -95.937336, 41.299644 ], [ -95.932343, 41.299659 ], [ -95.932453, 41.285805 ], [ -95.932639, 41.28512 ], [ -95.935178, 41.285126 ], [ -95.935171, 41.288747 ], [ -95.937367, 41.288749 ], [ -95.942177, 41.288763 ], [ -95.943797, 41.28785 ], [ -95.943792, 41.288755 ], [ -95.946989, 41.288754 ], [ -95.946987, 41.289207 ] ] ] } },
{ "type": "Feature", "properties": { "GEOID": "31055002200", "NAME": "Census Tract 22; Douglas County; Nebraska", "incomeE": 64875.0, "incomeM": 10026.0 }, "geometry": { "type": "Polygon", "coordinates": [ [ [ -95.930596, 41.249142 ], [ -95.929315, 41.249133 ], [ -95.92668, 41.249107 ], [ -95.924151, 41.249082 ], [ -95.92404, 41.248034 ], [ -95.916366469204704, 41.248300739262199 ], [ -95.913913818529096, 41.243222018166399 ], [ -95.922877, 41.24313 ], [ -95.924105, 41.242813 ], [ -95.926684, 41.242829 ], [ -95.930721, 41.242854 ], [ -95.930596, 41.249142 ] ] ] } },
{ "type": "Feature", "properties": { "GEOID": "31055002400", "NAME": "Census Tract 24; Douglas County; Nebraska", "incomeE": 52534.0, "incomeM": 16222.0 }, "geometry": { "type": "Polygon", "coordinates": [ [ [ -95.947043, 41.231816 ], [ -95.94415, 41.231806 ], [ -95.944147, 41.233014 ], [ -95.942259, 41.233017 ], [ -95.940208, 41.233311 ], [ -95.937363, 41.234377 ], [ -95.937358, 41.23696 ], [ -95.932044, 41.236936 ], [ -95.930745, 41.23693 ], [ -95.926771, 41.236917 ], [ -95.925749, 41.234183 ], [ -95.924203, 41.230648 ], [ -95.932558, 41.229728 ], [ -95.933311, 41.229558 ], [ -95.933311, 41.229696 ], [ -95.937357, 41.228181 ], [ -95.941368, 41.226692 ], [ -95.942242, 41.226475 ], [ -95.94309, 41.226342 ], [ -95.947038, 41.226202 ], [ -95.947043, 41.231816 ] ] ] } },
{ "type": "Feature", "properties": { "GEOID": "31055002800", "NAME": "Census Tract 28; Douglas County; Nebraska", "incomeE": 67560.0, "incomeM": 21051.0 }, "geometry": { "type": "Polygon", "coordinates": [ [ [ -95.947065, 41.205593 ], [ -95.943038, 41.205585 ], [ -95.941783, 41.203765 ], [ -95.936206, 41.203753 ], [ -95.93604, 41.202062 ], [ -95.933682, 41.202098 ], [ -95.930097, 41.202306 ], [ -95.927484878154303, 41.202171489675401 ], [ -95.92599, 41.195698 ], [ -95.923311673237507, 41.191202237220203 ], [ -95.926062, 41.190984 ], [ -95.93346, 41.190982 ], [ -95.936841, 41.190974 ], [ -95.941005, 41.195068 ], [ -95.941988, 41.196536 ], [ -95.942303, 41.197022 ], [ -95.945907, 41.200413 ], [ -95.947041, 41.201879 ], [ -95.947065, 41.205593 ] ] ] } },
{ "type": "Feature", "properties": { "GEOID": "31055003100", "NAME": "Census Tract 31; Douglas County; Nebraska", "incomeE": 55125.0, "incomeM": 24057.0 }, "geometry": { "type": "Polygon", "coordinates": [ [ [ -95.976809, 41.207699 ], [ -95.976391, 41.212599 ], [ -95.976253, 41.214407 ], [ -95.975857, 41.219726 ], [ -95.975839, 41.224725 ], [ -95.962593, 41.226894 ], [ -95.960082, 41.227325 ], [ -95.956647, 41.227591 ], [ -95.954084, 41.226965 ], [ -95.954238, 41.226758 ], [ -95.957048, 41.222389 ], [ -95.956928, 41.219713 ], [ -95.953135, 41.212293 ], [ -95.951391, 41.208727 ], [ -95.950468, 41.205621 ], [ -95.95322, 41.205595 ], [ -95.96003, 41.205494 ], [ -95.967333, 41.205399 ], [ -95.967054, 41.212277 ], [ -95.968881, 41.212455 ], [ -95.970034, 41.210519 ], [ -95.974931, 41.207311 ], [ -95.976662, 41.205488 ], [ -95.977885, 41.205615 ], [ -95.976809, 41.207699 ] ] ] } },
{ "type": "Feature", "properties": { "GEOID": "31055003500", "NAME": "Census Tract 35; Douglas County; Nebraska", "incomeE": 56136.0, "incomeM": 15478.0 }, "geometry": { "type": "Polygon", "coordinates": [ [ [ -96.004731, 41.23787 ], [ -96.002755, 41.237884 ], [ -96.002123, 41.237871 ], [ -95.999251, 41.238135 ], [ -95.997988, 41.238993 ], [ -95.995187, 41.240816 ], [ -95.992405, 41.241297 ], [ -95.990223, 41.24151 ], [ -95.984223, 41.241521 ], [ -95.975842, 41.241522 ], [ -95.97582, 41.238439 ], [ -95.975827, 41.235667 ], [ -95.975829, 41.23424 ], [ -95.975839, 41.231825 ], [ -95.975839, 41.226987 ], [ -95.978586, 41.226991 ], [ -95.978405, 41.22856 ], [ -95.978576, 41.230535 ], [ -95.983039, 41.230625 ], [ -95.990247, 41.230626 ], [ -95.990235, 41.226997 ], [ -95.995102, 41.226992 ], [ -95.99506, 41.230546 ], [ -95.997463, 41.230618 ], [ -96.004487, 41.230616 ], [ -96.004718, 41.230597 ], [ -96.004731, 41.23787 ] ] ] } },
{ "type": "Feature", "properties": { "GEOID": "31055003800", "NAME": "Census Tract 38; Douglas County; Nebraska", "incomeE": 57935.0, "incomeM": 22368.0 }, "geometry": { "type": "Polygon", "coordinates": [ [ [ -95.975784, 41.248768 ], [ -95.966159, 41.24877 ], [ -95.9631, 41.248776 ], [ -95.962536, 41.24787 ], [ -95.961403, 41.248784 ], [ -95.959854, 41.248787 ], [ -95.953917, 41.248808 ], [ -95.953768, 41.24526 ], [ -95.953913, 41.239153 ], [ -95.954097, 41.236207 ], [ -95.954244, 41.235528 ], [ -95.954479, 41.236207 ], [ -95.957808, 41.23654 ], [ -95.960335, 41.236553 ], [ -95.960329, 41.23785 ], [ -95.964279, 41.237861 ], [ -95.964289, 41.239971 ], [ -95.964297, 41.241501 ], [ -95.966184, 41.241502 ], [ -95.969805, 41.241504 ], [ -95.975842, 41.241522 ], [ -95.975784, 41.248768 ] ] ] } },
{ "type": "Feature", "properties": { "GEOID": "31055004500", "NAME": "Census Tract 45; Douglas County; Nebraska", "incomeE": 66452.0, "incomeM": 11359.0 }, "geometry": { "type": "Polygon", "coordinates": [ [ [ -96.004753, 41.252352 ], [ -95.99585, 41.252394 ], [ -95.995984, 41.25308 ], [ -95.995065, 41.257828 ], [ -95.995069, 41.25965 ], [ -95.985423, 41.259693 ], [ -95.985422, 41.256108 ], [ -95.990254, 41.25606 ], [ -95.990217, 41.252409 ], [ -95.990205, 41.248786 ], [ -95.997945, 41.24853 ], [ -96.004764, 41.24874 ], [ -96.004753, 41.252352 ] ] ] } },
{ "type": "Feature", "properties": { "GEOID": "31055007471", "NAME": "Census Tract 74.71; Douglas County; Nebraska", "incomeE": 103929.0, "incomeM": 25580.0 }, "geometry": { "type": "Polygon", "coordinates": [ [ [ -96.177389, 41.292139 ], [ -96.173739, 41.292138 ], [ -96.162986, 41.292136 ], [ -96.158137, 41.292135 ], [ -96.158076, 41.284354 ], [ -96.158055, 41.277544 ], [ -96.165729, 41.277519 ], [ -96.167768, 41.277523 ], [ -96.177238, 41.277531 ], [ -96.177325, 41.284879 ], [ -96.177389, 41.292139 ] ] ] } },
{ "type": "Feature", "properties": { "GEOID": "31055007469", "NAME": "Census Tract 74.69; Douglas County; Nebraska", "incomeE": 107875.0, "incomeM": 15279.0 }, "geometry": { "type": "Polygon", "coordinates": [ [ [ -96.177388, 41.292266 ], [ -96.177362, 41.298367 ], [ -96.177349, 41.299297 ], [ -96.17726, 41.3065 ], [ -96.168923, 41.306527 ], [ -96.167649, 41.306529 ], [ -96.162851, 41.306538 ], [ -96.158047, 41.306548 ], [ -96.158117, 41.296425 ], [ -96.158137, 41.292135 ], [ -96.162986, 41.292136 ], [ -96.173739, 41.292138 ], [ -96.177389, 41.292139 ], [ -96.177388, 41.292266 ] ] ] } },
{ "type": "Feature", "properties": { "GEOID": "31055007516", "NAME": "Census Tract 75.16; Douglas County; Nebraska", "incomeE": 132668.0, "incomeM": 16004.0 }, "geometry": { "type": "Polygon", "coordinates": [ [ [ -96.234339, 41.219302 ], [ -96.221536, 41.219342 ], [ -96.215497, 41.219361 ], [ -96.211016, 41.219375 ], [ -96.205916, 41.219392 ], [ -96.19633, 41.219434 ], [ -96.196424, 41.210118 ], [ -96.196496, 41.205186 ], [ -96.206036, 41.205114 ], [ -96.2067, 41.20511 ], [ -96.20722, 41.205107 ], [ -96.215565, 41.205057 ], [ -96.223233, 41.204988 ], [ -96.234317, 41.204838 ], [ -96.234339, 41.219302 ] ] ] } },
{ "type": "Feature", "properties": { "GEOID": "31055007519", "NAME": "Census Tract 75.19; Douglas County; Nebraska", "incomeE": 128226.0, "incomeM": 22822.0 }, "geometry": { "type": "Polygon", "coordinates": [ [ [ -96.215881, 41.292017 ], [ -96.196666, 41.291966 ], [ -96.196538, 41.291479 ], [ -96.196564, 41.284818 ], [ -96.196548, 41.277572 ], [ -96.190956, 41.277555 ], [ -96.18713, 41.277546 ], [ -96.186899, 41.277545 ], [ -96.177238, 41.277531 ], [ -96.177107, 41.266918 ], [ -96.177355, 41.266182 ], [ -96.177123, 41.265573 ], [ -96.177106, 41.265092 ], [ -96.17704, 41.264807 ], [ -96.176766, 41.264396 ], [ -96.1763, 41.264009 ], [ -96.176424, 41.263738 ], [ -96.176999, 41.263107 ], [ -96.177092, 41.262923 ], [ -96.196389, 41.26299 ], [ -96.21563, 41.26294 ], [ -96.215795, 41.276626 ], [ -96.215796, 41.277458 ], [ -96.215841, 41.284743 ], [ -96.215875, 41.288377 ], [ -96.215874, 41.291616 ], [ -96.215881, 41.292017 ] ] ] } },
{ "type": "Feature", "properties": { "GEOID": "31055007520", "NAME": "Census Tract 75.20; Douglas County; Nebraska", "incomeE": 173750.0, "incomeM": 53191.0 }, "geometry": { "type": "Polygon", "coordinates": [ [ [ -96.196666, 41.291966 ], [ -96.186891, 41.292045 ], [ -96.177389, 41.292139 ], [ -96.177325, 41.284879 ], [ -96.177238, 41.277531 ], [ -96.186899, 41.277545 ], [ -96.18713, 41.277546 ], [ -96.190956, 41.277555 ], [ -96.196548, 41.277572 ], [ -96.196564, 41.284818 ], [ -96.196538, 41.291479 ], [ -96.196666, 41.291966 ] ] ] } },
{ "type": "Feature", "properties": { "GEOID": "31055005600", "NAME": "Census Tract 56; Douglas County; Nebraska", "incomeE": 64363.0, "incomeM": 5963.0 }, "geometry": { "type": "Polygon", "coordinates": [ [ [ -96.023909, 41.292328 ], [ -96.023833, 41.295906 ], [ -96.023886, 41.297645 ], [ -96.023822, 41.306738 ], [ -96.013563, 41.306719 ], [ -96.012383, 41.306681 ], [ -96.011847, 41.303125 ], [ -96.014189, 41.303129 ], [ -96.014276, 41.299529 ], [ -96.014289, 41.295908 ], [ -96.014309, 41.292813 ], [ -96.014342, 41.292333 ], [ -96.013093, 41.291365 ], [ -96.014345, 41.28956 ], [ -96.014353, 41.288657 ], [ -96.014363, 41.285022 ], [ -96.004766, 41.284972 ], [ -96.004781, 41.283174 ], [ -96.004787, 41.281365 ], [ -96.004779, 41.277738 ], [ -96.014357, 41.27776 ], [ -96.014348, 41.281395 ], [ -96.023883, 41.281425 ], [ -96.0239, 41.285063 ], [ -96.023904, 41.288688 ], [ -96.023909, 41.292328 ] ] ] } },
{ "type": "Feature", "properties": { "GEOID": "31055007436", "NAME": "Census Tract 74.36; Douglas County; Nebraska", "incomeE": 60720.0, "incomeM": 7172.0 }, "geometry": { "type": "Polygon", "coordinates": [ [ [ -96.075436, 41.287162 ], [ -96.071891, 41.296271 ], [ -96.070412, 41.295864 ], [ -96.06836, 41.29563 ], [ -96.068096, 41.296633 ], [ -96.064397, 41.296683 ], [ -96.064924, 41.297713 ], [ -96.064988, 41.299188 ], [ -96.064046, 41.299191 ], [ -96.063115, 41.297423 ], [ -96.06255, 41.297583 ], [ -96.060803, 41.297555 ], [ -96.05398, 41.295474 ], [ -96.052569, 41.295469 ], [ -96.052587, 41.294806 ], [ -96.05314, 41.291153 ], [ -96.052617, 41.288287 ], [ -96.05261, 41.285067 ], [ -96.055874, 41.285068 ], [ -96.064432, 41.285054 ], [ -96.068172, 41.285078 ], [ -96.071277, 41.285152 ], [ -96.075752, 41.286071 ], [ -96.075436, 41.287162 ] ] ] } },
{ "type": "Feature", "properties": { "GEOID": "31055006805", "NAME": "Census Tract 68.05; Douglas County; Nebraska", "incomeE": 134143.0, "incomeM": 15388.0 }, "geometry": { "type": "Polygon", "coordinates": [ [ [ -96.079094, 41.248751 ], [ -96.073196, 41.24876 ], [ -96.071817, 41.248768 ], [ -96.062249, 41.248788 ], [ -96.052601, 41.248798 ], [ -96.042997, 41.248799 ], [ -96.039363, 41.248799 ], [ -96.040803, 41.243243 ], [ -96.042581, 41.239677 ], [ -96.04145, 41.236609 ], [ -96.038805, 41.236609 ], [ -96.038825, 41.234273 ], [ -96.043077, 41.234259 ], [ -96.05266, 41.234252 ], [ -96.053889, 41.234203 ], [ -96.055352, 41.233982 ], [ -96.06153, 41.239643 ], [ -96.062821, 41.24106 ], [ -96.064904, 41.242092 ], [ -96.067093, 41.24223 ], [ -96.069269, 41.243458 ], [ -96.072085, 41.243838 ], [ -96.076213, 41.247485 ], [ -96.079094, 41.248751 ] ] ] } },
{ "type": "Feature", "properties": { "GEOID": "31055007460", "NAME": "Census Tract 74.60; Douglas County; Nebraska", "incomeE": 161343.0, "incomeM": 24779.0 }, "geometry": { "type": "Polygon", "coordinates": [ [ [ -96.196597, 41.195734 ], [ -96.196577, 41.198739 ], [ -96.196496, 41.205186 ], [ -96.177347, 41.20518 ], [ -96.17741, 41.198364 ], [ -96.177444, 41.196435 ], [ -96.177523, 41.190622 ], [ -96.184013, 41.190633 ], [ -96.18709, 41.190626 ], [ -96.189382, 41.190632 ], [ -96.196677, 41.190654 ], [ -96.196597, 41.195734 ] ] ] } },
{ "type": "Feature", "properties": { "GEOID": "31055007453", "NAME": "Census Tract 74.53; Douglas County; Nebraska", "incomeE": 142619.0, "incomeM": 29808.0 }, "geometry": { "type": "Polygon", "coordinates": [ [ [ -96.177297, 41.20887 ], [ -96.177235, 41.211177 ], [ -96.1771, 41.220839 ], [ -96.171395, 41.220134 ], [ -96.168155, 41.218496 ], [ -96.16645, 41.218603 ], [ -96.163389, 41.21911 ], [ -96.161598, 41.222418 ], [ -96.157597, 41.221399 ], [ -96.156632, 41.220081 ], [ -96.15552, 41.21928 ], [ -96.154263, 41.217273 ], [ -96.155203, 41.215506 ], [ -96.157722, 41.213652 ], [ -96.158037, 41.212114 ], [ -96.158151, 41.205357 ], [ -96.163117, 41.205312 ], [ -96.167121, 41.205263 ], [ -96.177347, 41.20518 ], [ -96.177297, 41.20887 ] ] ] } },
{ "type": "Feature", "properties": { "GEOID": "31055007509", "NAME": "Census Tract 75.09; Douglas County; Nebraska", "incomeE": 166071.0, "incomeM": 41385.0 }, "geometry": { "type": "Polygon", "coordinates": [ [ [ -96.309437, 41.19261 ], [ -96.308947, 41.193429 ], [ -96.305735, 41.196352 ], [ -96.298561, 41.201593 ], [ -96.296449, 41.204728 ], [ -96.295312, 41.207026 ], [ -96.294514, 41.208986 ], [ -96.29352, 41.210278 ], [ -96.292957, 41.210661 ], [ -96.292003, 41.210969 ], [ -96.289719, 41.211707 ], [ -96.28789, 41.21285 ], [ -96.284525, 41.216126 ], [ -96.282498, 41.219115 ], [ -96.282385, 41.219313 ], [ -96.28107, 41.221364 ], [ -96.278403, 41.227723 ], [ -96.277797, 41.231022 ], [ -96.276458, 41.233411 ], [ -96.272676, 41.234117 ], [ -96.271238, 41.234579 ], [ -96.267546, 41.237738 ], [ -96.266872, 41.245113 ], [ -96.265203, 41.248477 ], [ -96.263632, 41.251142 ], [ -96.263141, 41.25178 ], [ -96.258963, 41.256188 ], [ -96.258545, 41.258324 ], [ -96.259366, 41.259292 ], [ -96.261047, 41.260478 ], [ -96.262379, 41.261615 ], [ -96.263506, 41.262576 ], [ -96.264123, 41.26357 ], [ -96.262607, 41.263607 ], [ -96.256569, 41.263683 ], [ -96.254459, 41.263675 ], [ -96.251927, 41.263687 ], [ -96.24256, 41.262794 ], [ -96.234476, 41.262803 ], [ -96.234482, 41.257347 ], [ -96.234476, 41.254884 ], [ -96.234421, 41.248294 ], [ -96.234448, 41.248187 ], [ -96.234422, 41.243479 ], [ -96.234427, 41.23391 ], [ -96.234339, 41.219302 ], [ -96.234317, 41.204838 ], [ -96.234288, 41.190349 ], [ -96.239095, 41.190354 ], [ -96.253495, 41.190398 ], [ -96.309513, 41.190105 ], [ -96.309437, 41.19261 ] ] ] } },
{ "type": "Feature", "properties": { "GEOID": "31055000500", "NAME": "Census Tract 5; Douglas County; Nebraska", "incomeE": 63421.0, "incomeM": 28376.0 }, "geometry": { "type": "Polygon", "coordinates": [ [ [ -95.937395, 41.281504 ], [ -95.937367, 41.288749 ], [ -95.935171, 41.288747 ], [ -95.935178, 41.285126 ], [ -95.932639, 41.28512 ], [ -95.932453, 41.285805 ], [ -95.932343, 41.299659 ], [ -95.931962, 41.303355 ], [ -95.930424, 41.304689 ], [ -95.927682, 41.304956 ], [ -95.92766, 41.306642 ], [ -95.927618, 41.320389 ], [ -95.926937707317094, 41.322811634146298 ], [ -95.92569, 41.322197 ], [ -95.92209, 41.321097 ], [ -95.91379, 41.320197 ], [ -95.912749363313594, 41.320268768047299 ], [ -95.89929, 41.321197 ], [ -95.88869, 41.319097 ], [ -95.883089, 41.316697 ], [ -95.878189, 41.312497 ], [ -95.874689, 41.307097 ], [ -95.871489, 41.295797 ], [ -95.872727988235297, 41.290221552941198 ], [ -95.872884080066399, 41.289519139701198 ], [ -95.872889, 41.289497 ], [ -95.87689, 41.285097 ], [ -95.88239, 41.281397 ], [ -95.890964108023198, 41.2779848462648 ], [ -95.90249, 41.273398 ], [ -95.903852413841904, 41.2742289893446 ], [ -95.912491, 41.279498 ], [ -95.909304683906001, 41.284937 ], [ -95.908760612040297, 41.285865723576102 ], [ -95.90429, 41.293497 ], [ -95.90429, 41.2975902842105 ], [ -95.90429, 41.299597 ], [ -95.90589, 41.300897 ], [ -95.920291, 41.301097 ], [ -95.9223739410576, 41.300315897103403 ], [ -95.927491, 41.298397 ], [ -95.929591, 41.292297 ], [ -95.929591, 41.285097 ], [ -95.929587970730097, 41.285084549700699 ], [ -95.928691, 41.281398 ], [ -95.918226204035903, 41.274279091180901 ], [ -95.914538372583706, 41.271770362301901 ], [ -95.913991, 41.271398 ], [ -95.918791, 41.269698 ], [ -95.920391, 41.268398 ], [ -95.921891, 41.264598 ], [ -95.921411831999194, 41.259726458658697 ], [ -95.921410549640598, 41.259713421346802 ], [ -95.927858, 41.258841 ], [ -95.927889, 41.259664 ], [ -95.933191, 41.25969 ], [ -95.93314, 41.264789 ], [ -95.935806, 41.264773 ], [ -95.935935, 41.26794 ], [ -95.937098, 41.267949 ], [ -95.937436, 41.274264 ], [ -95.937395, 41.281504 ] ] ] } },
{ "type": "Feature", "properties": { "GEOID": "31055004900", "NAME": "Census Tract 49; Douglas County; Nebraska", "incomeE": 44766.0, "incomeM": 14080.0 }, "geometry": { "type": "Polygon", "coordinates": [ [ [ -95.985656, 41.266868 ], [ -95.985424, 41.273148 ], [ -95.983555, 41.273203 ], [ -95.983469, 41.273202 ], [ -95.977273, 41.273149 ], [ -95.977242, 41.27216 ], [ -95.974894, 41.27316 ], [ -95.972689, 41.273156 ], [ -95.966108, 41.273129 ], [ -95.966109, 41.272809 ], [ -95.966117, 41.270004 ], [ -95.967432, 41.269604 ], [ -95.966447, 41.268011 ], [ -95.966456, 41.267932 ], [ -95.97506, 41.267941 ], [ -95.975061, 41.26392 ], [ -95.975076, 41.2613 ], [ -95.974558, 41.259655 ], [ -95.975752, 41.259659 ], [ -95.980433, 41.259675 ], [ -95.985423, 41.259693 ], [ -95.985666, 41.263229 ], [ -95.985656, 41.266868 ] ] ] } },
{ "type": "Feature", "properties": { "GEOID": "31055007474", "NAME": "Census Tract 74.74; Douglas County; Nebraska", "incomeE": 225000.0, "incomeM": 73103.0 }, "geometry": { "type": "Polygon", "coordinates": [ [ [ -96.138808, 41.277663 ], [ -96.129319, 41.277636 ], [ -96.124403, 41.277639 ], [ -96.119587, 41.277618 ], [ -96.119581, 41.272451 ], [ -96.119576, 41.268711 ], [ -96.119614, 41.263124 ], [ -96.138757, 41.263108 ], [ -96.13881, 41.271983 ], [ -96.138808, 41.277663 ] ] ] } },
{ "type": "Feature", "properties": { "GEOID": "31055007320", "NAME": "Census Tract 73.20; Douglas County; Nebraska", "incomeE": 100448.0, "incomeM": 2940.0 }, "geometry": { "type": "Polygon", "coordinates": [ [ [ -96.046488, 41.311283 ], [ -96.045985, 41.315117 ], [ -96.044959, 41.317342 ], [ -96.044055, 41.319044 ], [ -96.043777, 41.320116 ], [ -96.042516, 41.321149 ], [ -96.038127, 41.321176 ], [ -96.037161, 41.32123 ], [ -96.033372, 41.321658 ], [ -96.033376, 41.322876 ], [ -96.033372, 41.330224 ], [ -96.033383, 41.335628 ], [ -96.039844, 41.3357 ], [ -96.040022, 41.336323 ], [ -96.023822, 41.341512 ], [ -96.023813, 41.335701 ], [ -96.023911, 41.324846 ], [ -96.023834, 41.319374 ], [ -96.023843, 41.312735 ], [ -96.033388, 41.312746 ], [ -96.041771, 41.312703 ], [ -96.04537, 41.31147 ], [ -96.046057, 41.310964 ], [ -96.046488, 41.311283 ] ] ] } },
{ "type": "Feature", "properties": { "GEOID": "31055007524", "NAME": "Census Tract 75.24; Douglas County; Nebraska", "incomeE": 110000.0, "incomeM": 11822.0 }, "geometry": { "type": "Polygon", "coordinates": [ [ [ -96.21563, 41.26294 ], [ -96.196389, 41.26299 ], [ -96.177092, 41.262923 ], [ -96.177017, 41.260076 ], [ -96.17705, 41.259994 ], [ -96.177243, 41.259807 ], [ -96.177443, 41.259692 ], [ -96.177227, 41.259341 ], [ -96.17701, 41.258757 ], [ -96.176852, 41.248514 ], [ -96.183779, 41.248505 ], [ -96.196287, 41.248491 ], [ -96.215488, 41.248406 ], [ -96.215488, 41.248502 ], [ -96.215537, 41.253433 ], [ -96.215559, 41.255681 ], [ -96.215595, 41.259465 ], [ -96.215609, 41.260894 ], [ -96.21563, 41.26294 ] ] ] } },
{ "type": "Feature", "properties": { "GEOID": "31055007462", "NAME": "Census Tract 74.62; Douglas County; Nebraska", "incomeE": 82237.0, "incomeM": 10472.0 }, "geometry": { "type": "Polygon", "coordinates": [ [ [ -96.158294, 41.195183 ], [ -96.158193, 41.202531 ], [ -96.158151, 41.205357 ], [ -96.147744, 41.205344 ], [ -96.138762, 41.205385 ], [ -96.138797, 41.198132 ], [ -96.138833, 41.19081 ], [ -96.148043, 41.190794 ], [ -96.148558, 41.190791 ], [ -96.149188, 41.190788 ], [ -96.151908, 41.190789 ], [ -96.158333, 41.190762 ], [ -96.158294, 41.195183 ] ] ] } },
{ "type": "Feature", "properties": { "GEOID": "31055007317", "NAME": "Census Tract 73.17; Douglas County; Nebraska", "incomeE": 105962.0, "incomeM": 5433.0 }, "geometry": { "type": "Polygon", "coordinates": [ [ [ -96.158477, 41.342223 ], [ -96.158399, 41.360963 ], [ -96.158393, 41.362399 ], [ -96.158415, 41.37208 ], [ -96.158427, 41.393164 ], [ -96.12482, 41.393137 ], [ -96.119911, 41.393157 ], [ -96.117447, 41.393147 ], [ -96.101086, 41.393172 ], [ -96.096852, 41.393151 ], [ -96.079017, 41.393185 ], [ -96.076681, 41.393165 ], [ -96.069403, 41.393163 ], [ -96.056936, 41.393154 ], [ -96.052555, 41.393151 ], [ -96.043105, 41.393133 ], [ -96.028673, 41.393158 ], [ -96.023876, 41.393154 ], [ -96.023844, 41.387524 ], [ -96.02381, 41.381035 ], [ -96.023806, 41.379679 ], [ -96.02381, 41.376889 ], [ -96.02489, 41.375549 ], [ -96.023813, 41.374999 ], [ -96.02382, 41.3647 ], [ -96.023817, 41.350125 ], [ -96.023838, 41.344673 ], [ -96.023822, 41.341512 ], [ -96.040022, 41.336323 ], [ -96.042938, 41.335386 ], [ -96.050287, 41.333035 ], [ -96.05717, 41.330538 ], [ -96.062728, 41.327239 ], [ -96.067787, 41.323799 ], [ -96.069232, 41.322211 ], [ -96.070962, 41.323741 ], [ -96.071776, 41.324564 ], [ -96.072086, 41.324845 ], [ -96.07692, 41.329238 ], [ -96.078245, 41.331021 ], [ -96.078848, 41.332539 ], [ -96.079542, 41.335674 ], [ -96.090824, 41.33567 ], [ -96.100316, 41.335662 ], [ -96.104993, 41.335654 ], [ -96.10997, 41.335645 ], [ -96.114772, 41.335638 ], [ -96.129036, 41.335626 ], [ -96.139019, 41.33563 ], [ -96.152701, 41.335597 ], [ -96.158438, 41.335572 ], [ -96.158477, 41.342223 ] ] ] } },
{ "type": "Feature", "properties": { "GEOID": "31055002300", "NAME": "Census Tract 23; Douglas County; Nebraska", "incomeE": 40759.0, "incomeM": 11340.0 }, "geometry": { "type": "Polygon", "coordinates": [ [ [ -95.930721, 41.242854 ], [ -95.926684, 41.242829 ], [ -95.924105, 41.242813 ], [ -95.922877, 41.24313 ], [ -95.913913818529096, 41.243222018166399 ], [ -95.911391, 41.237998 ], [ -95.910891, 41.233998 ], [ -95.910891, 41.23189 ], [ -95.910891, 41.231798 ], [ -95.910951827612806, 41.231626251446201 ], [ -95.910961926941098, 41.2315977356958 ], [ -95.924203, 41.230648 ], [ -95.925749, 41.234183 ], [ -95.926771, 41.236917 ], [ -95.930745, 41.23693 ], [ -95.930721, 41.242854 ] ] ] } },
{ "type": "Feature", "properties": { "GEOID": "31055007433", "NAME": "Census Tract 74.33; Douglas County; Nebraska", "incomeE": 70450.0, "incomeM": 12071.0 }, "geometry": { "type": "Polygon", "coordinates": [ [ [ -96.104365, 41.306616 ], [ -96.100829, 41.306614 ], [ -96.100665, 41.306614 ], [ -96.089248, 41.306666 ], [ -96.08142, 41.306646 ], [ -96.08144, 41.300835 ], [ -96.081429, 41.297711 ], [ -96.081447, 41.296274 ], [ -96.081441, 41.294453 ], [ -96.081416, 41.288723 ], [ -96.081386, 41.287511 ], [ -96.087535, 41.28898 ], [ -96.092401, 41.290168 ], [ -96.097135, 41.291266 ], [ -96.098209, 41.292456 ], [ -96.099447, 41.295948 ], [ -96.100681, 41.29693 ], [ -96.101406, 41.297332 ], [ -96.103766, 41.301952 ], [ -96.104429, 41.303618 ], [ -96.104365, 41.306616 ] ] ] } },
{ "type": "Feature", "properties": { "GEOID": "31055006704", "NAME": "Census Tract 67.04; Douglas County; Nebraska", "incomeE": 101750.0, "incomeM": 31062.0 }, "geometry": { "type": "Polygon", "coordinates": [ [ [ -96.08393, 41.250446 ], [ -96.07758, 41.254921 ], [ -96.076585, 41.256315 ], [ -96.076194, 41.263373 ], [ -96.062117, 41.263385 ], [ -96.062174, 41.256082 ], [ -96.062175, 41.252718 ], [ -96.062249, 41.248788 ], [ -96.071817, 41.248768 ], [ -96.073196, 41.24876 ], [ -96.079094, 41.248751 ], [ -96.085085, 41.248704 ], [ -96.08393, 41.250446 ] ] ] } },
{ "type": "Feature", "properties": { "GEOID": "31055007440", "NAME": "Census Tract 74.40; Douglas County; Nebraska", "incomeE": 62321.0, "incomeM": 9110.0 }, "geometry": { "type": "Polygon", "coordinates": [ [ [ -96.097135, 41.291266 ], [ -96.092401, 41.290168 ], [ -96.087535, 41.28898 ], [ -96.081386, 41.287511 ], [ -96.075752, 41.286071 ], [ -96.076154, 41.28297 ], [ -96.076132, 41.277804 ], [ -96.081325, 41.277789 ], [ -96.08558, 41.27776 ], [ -96.088751, 41.277742 ], [ -96.091447, 41.277738 ], [ -96.09487, 41.277731 ], [ -96.095726, 41.280478 ], [ -96.09576, 41.289559 ], [ -96.097135, 41.291266 ] ] ] } },
{ "type": "Feature", "properties": { "GEOID": "31055003300", "NAME": "Census Tract 33; Douglas County; Nebraska", "incomeE": 40063.0, "incomeM": 5577.0 }, "geometry": { "type": "Polygon", "coordinates": [ [ [ -95.957439, 41.228235 ], [ -95.956039, 41.229582 ], [ -95.954244, 41.235528 ], [ -95.954097, 41.236207 ], [ -95.953913, 41.239153 ], [ -95.953768, 41.24526 ], [ -95.953917, 41.248808 ], [ -95.947706, 41.248808 ], [ -95.947048, 41.248958 ], [ -95.944633, 41.24816 ], [ -95.942226, 41.248162 ], [ -95.940809, 41.248322 ], [ -95.940134, 41.250259 ], [ -95.93723, 41.250287 ], [ -95.937237, 41.2495 ], [ -95.942245, 41.244668 ], [ -95.948429, 41.239741 ], [ -95.949077, 41.238697 ], [ -95.950634, 41.23551 ], [ -95.952249, 41.229578 ], [ -95.95396, 41.227133 ], [ -95.95405, 41.22701 ], [ -95.954084, 41.226965 ], [ -95.956647, 41.227591 ], [ -95.960082, 41.227325 ], [ -95.957439, 41.228235 ] ] ] } },
{ "type": "Feature", "properties": { "GEOID": "31055000600", "NAME": "Census Tract 6; Douglas County; Nebraska", "incomeE": 27115.0, "incomeM": 7071.0 }, "geometry": { "type": "Polygon", "coordinates": [ [ [ -95.956561, 41.306676 ], [ -95.946928, 41.306659 ], [ -95.94694, 41.305021 ], [ -95.944241, 41.306565 ], [ -95.94374, 41.307084 ], [ -95.942765, 41.305745 ], [ -95.942438, 41.305011 ], [ -95.942166, 41.3043 ], [ -95.94215, 41.29963 ], [ -95.946954, 41.299619 ], [ -95.95195, 41.2996 ], [ -95.956556, 41.299571 ], [ -95.956516, 41.302934 ], [ -95.956561, 41.306676 ] ] ] } },
{ "type": "Feature", "properties": { "GEOID": "31055007442", "NAME": "Census Tract 74.42; Douglas County; Nebraska", "incomeE": 109914.0, "incomeM": 11095.0 }, "geometry": { "type": "Polygon", "coordinates": [ [ [ -96.158055, 41.277544 ], [ -96.154096, 41.277568 ], [ -96.14487, 41.277578 ], [ -96.14231, 41.277622 ], [ -96.138808, 41.277663 ], [ -96.13881, 41.271983 ], [ -96.138757, 41.263108 ], [ -96.148509, 41.263084 ], [ -96.158032, 41.263048 ], [ -96.158018, 41.265471 ], [ -96.158041, 41.269774 ], [ -96.158055, 41.277544 ] ] ] } },
{ "type": "Feature", "properties": { "GEOID": "31055006303", "NAME": "Census Tract 63.03; Douglas County; Nebraska", "incomeE": 45909.0, "incomeM": 10325.0 }, "geometry": { "type": "Polygon", "coordinates": [ [ [ -96.014276, 41.299529 ], [ -96.004672, 41.29949 ], [ -95.995047, 41.299583 ], [ -95.995059, 41.295933 ], [ -95.999893, 41.295915 ], [ -95.999892, 41.292281 ], [ -96.000448, 41.292278 ], [ -96.004733, 41.292272 ], [ -96.009531, 41.292272 ], [ -96.009503, 41.295889 ], [ -96.014289, 41.295908 ], [ -96.014276, 41.299529 ] ] ] } },
{ "type": "Feature", "properties": { "GEOID": "31055007003", "NAME": "Census Tract 70.03; Douglas County; Nebraska", "incomeE": 68042.0, "incomeM": 7702.0 }, "geometry": { "type": "Polygon", "coordinates": [ [ [ -96.023894, 41.221681 ], [ -96.023864, 41.223942 ], [ -96.004609, 41.223825 ], [ -96.003886, 41.223855 ], [ -95.994153, 41.222851 ], [ -95.990256, 41.222712 ], [ -95.983297, 41.222785 ], [ -95.975839, 41.224725 ], [ -95.975857, 41.219726 ], [ -95.976253, 41.214407 ], [ -95.976391, 41.212599 ], [ -95.990772, 41.212536 ], [ -95.995562, 41.212505 ], [ -96.004672, 41.212458 ], [ -96.023859, 41.212496 ], [ -96.023905, 41.219719 ], [ -96.023894, 41.221681 ] ] ] } },
{ "type": "Feature", "properties": { "GEOID": "31055006804", "NAME": "Census Tract 68.04; Douglas County; Nebraska", "incomeE": 193114.0, "incomeM": 21486.0 }, "geometry": { "type": "Polygon", "coordinates": [ [ [ -96.085836, 41.242483 ], [ -96.085085, 41.248704 ], [ -96.079094, 41.248751 ], [ -96.076213, 41.247485 ], [ -96.072085, 41.243838 ], [ -96.069269, 41.243458 ], [ -96.067093, 41.24223 ], [ -96.064904, 41.242092 ], [ -96.062821, 41.24106 ], [ -96.06153, 41.239643 ], [ -96.055352, 41.233982 ], [ -96.058082, 41.233499 ], [ -96.060272, 41.233482 ], [ -96.062211, 41.233803 ], [ -96.064891, 41.234188 ], [ -96.072363, 41.234244 ], [ -96.07932, 41.23422 ], [ -96.081379, 41.234219 ], [ -96.086599, 41.234157 ], [ -96.085836, 41.242483 ] ] ] } },
{ "type": "Feature", "properties": { "GEOID": "31055007508", "NAME": "Census Tract 75.08; Douglas County; Nebraska", "incomeE": 108177.0, "incomeM": 5650.0 }, "geometry": { "type": "Polygon", "coordinates": [ [ [ -96.365474, 41.235543 ], [ -96.362526, 41.24086 ], [ -96.35927, 41.245132 ], [ -96.357135, 41.24896 ], [ -96.352137, 41.254662 ], [ -96.350807, 41.256248 ], [ -96.350038, 41.258292 ], [ -96.349662, 41.262164 ], [ -96.350598, 41.265192 ], [ -96.360566, 41.280411 ], [ -96.36441, 41.285258 ], [ -96.362514, 41.288227 ], [ -96.362574, 41.291324 ], [ -96.340543, 41.291807 ], [ -96.330906, 41.291846 ], [ -96.330723, 41.291846 ], [ -96.307408, 41.291835 ], [ -96.298013, 41.291932 ], [ -96.296606, 41.292211 ], [ -96.295209, 41.292506 ], [ -96.293691, 41.292744 ], [ -96.292197, 41.292192 ], [ -96.291647, 41.291989 ], [ -96.283609, 41.292055 ], [ -96.283195, 41.292202 ], [ -96.282218, 41.291742 ], [ -96.281858, 41.292048 ], [ -96.276483, 41.28818 ], [ -96.275399, 41.286468 ], [ -96.275586, 41.284313 ], [ -96.275851, 41.283758 ], [ -96.276644, 41.279507 ], [ -96.274122, 41.272791 ], [ -96.272848, 41.271181 ], [ -96.267712, 41.26774 ], [ -96.264123, 41.26357 ], [ -96.263506, 41.262576 ], [ -96.262379, 41.261615 ], [ -96.261047, 41.260478 ], [ -96.259366, 41.259292 ], [ -96.258545, 41.258324 ], [ -96.258963, 41.256188 ], [ -96.263141, 41.25178 ], [ -96.263632, 41.251142 ], [ -96.265203, 41.248477 ], [ -96.266872, 41.245113 ], [ -96.267546, 41.237738 ], [ -96.271238, 41.234579 ], [ -96.272676, 41.234117 ], [ -96.276458, 41.233411 ], [ -96.277797, 41.231022 ], [ -96.278403, 41.227723 ], [ -96.28107, 41.221364 ], [ -96.282385, 41.219313 ], [ -96.282498, 41.219115 ], [ -96.284525, 41.216126 ], [ -96.28789, 41.21285 ], [ -96.289719, 41.211707 ], [ -96.292003, 41.210969 ], [ -96.292957, 41.210661 ], [ -96.29352, 41.210278 ], [ -96.294514, 41.208986 ], [ -96.295312, 41.207026 ], [ -96.296449, 41.204728 ], [ -96.298561, 41.201593 ], [ -96.305735, 41.196352 ], [ -96.308947, 41.193429 ], [ -96.309437, 41.19261 ], [ -96.309513, 41.190105 ], [ -96.31533, 41.190238 ], [ -96.327399, 41.189999 ], [ -96.332547, 41.195555 ], [ -96.336532, 41.197955 ], [ -96.346196, 41.201815 ], [ -96.350676, 41.204191 ], [ -96.353662, 41.20676 ], [ -96.354308, 41.207467 ], [ -96.356868, 41.212163 ], [ -96.361154, 41.218851 ], [ -96.361378, 41.219219 ], [ -96.363093, 41.226504 ], [ -96.365558, 41.234136 ], [ -96.365474, 41.235543 ] ] ] } },
{ "type": "Feature", "properties": { "GEOID": "31055001800", "NAME": "Census Tract 18; Douglas County; Nebraska", "incomeE": 73641.0, "incomeM": 7367.0 }, "geometry": { "type": "Polygon", "coordinates": [ [ [ -95.942383, 41.25974 ], [ -95.933191, 41.25969 ], [ -95.927889, 41.259664 ], [ -95.927858, 41.258841 ], [ -95.921410549640598, 41.259713421346802 ], [ -95.921291, 41.258498 ], [ -95.917087180578903, 41.2497931214007 ], [ -95.916366469204704, 41.248300739262199 ], [ -95.92404, 41.248034 ], [ -95.924151, 41.249082 ], [ -95.92668, 41.249107 ], [ -95.929315, 41.249133 ], [ -95.930596, 41.249142 ], [ -95.93328, 41.249163 ], [ -95.934664, 41.248117 ], [ -95.937242, 41.24806 ], [ -95.937237, 41.2495 ], [ -95.93723, 41.250287 ], [ -95.940134, 41.250259 ], [ -95.940809, 41.248322 ], [ -95.942226, 41.248162 ], [ -95.942255, 41.254337 ], [ -95.942383, 41.25974 ] ] ] } },
{ "type": "Feature", "properties": { "GEOID": "31055007319", "NAME": "Census Tract 73.19; Douglas County; Nebraska", "incomeE": 101920.0, "incomeM": 8757.0 }, "geometry": { "type": "Polygon", "coordinates": [ [ [ -96.062728, 41.327239 ], [ -96.05717, 41.330538 ], [ -96.050287, 41.333035 ], [ -96.042938, 41.335386 ], [ -96.040022, 41.336323 ], [ -96.039844, 41.3357 ], [ -96.033383, 41.335628 ], [ -96.033372, 41.330224 ], [ -96.033376, 41.322876 ], [ -96.033372, 41.321658 ], [ -96.037161, 41.32123 ], [ -96.038127, 41.321176 ], [ -96.042516, 41.321149 ], [ -96.043777, 41.320116 ], [ -96.044055, 41.319044 ], [ -96.044959, 41.317342 ], [ -96.045985, 41.315117 ], [ -96.046488, 41.311283 ], [ -96.046057, 41.310964 ], [ -96.046392, 41.310478 ], [ -96.049915, 41.311831 ], [ -96.052588, 41.313142 ], [ -96.052586, 41.313233 ], [ -96.052547, 41.314765 ], [ -96.052478, 41.315173 ], [ -96.052223, 41.316624 ], [ -96.053031, 41.316887 ], [ -96.053442, 41.317996 ], [ -96.054831, 41.32084 ], [ -96.055261, 41.321453 ], [ -96.057308, 41.323648 ], [ -96.059012, 41.324819 ], [ -96.062108, 41.326836 ], [ -96.062728, 41.327239 ] ] ] } },
{ "type": "Feature", "properties": { "GEOID": "31055007504", "NAME": "Census Tract 75.04; Douglas County; Nebraska", "incomeE": 71869.0, "incomeM": 9924.0 }, "geometry": { "type": "Polygon", "coordinates": [ [ [ -96.47072, 41.393239 ], [ -96.464015, 41.393311 ], [ -96.44594, 41.393295 ], [ -96.444881, 41.393309 ], [ -96.440277, 41.39319 ], [ -96.34822, 41.39318 ], [ -96.33072, 41.393131 ], [ -96.329012, 41.393136 ], [ -96.311443, 41.393202 ], [ -96.310269, 41.393198 ], [ -96.311688, 41.390437 ], [ -96.310783, 41.388453 ], [ -96.307906, 41.387043 ], [ -96.304541, 41.387273 ], [ -96.303028, 41.388404 ], [ -96.300097, 41.388694 ], [ -96.298864, 41.38767 ], [ -96.299791, 41.385028 ], [ -96.301876, 41.383159 ], [ -96.30236, 41.379323 ], [ -96.299517, 41.371698 ], [ -96.297678, 41.36806 ], [ -96.294683, 41.364461 ], [ -96.294822, 41.362148 ], [ -96.297669, 41.360682 ], [ -96.300761, 41.360187 ], [ -96.302225, 41.359182 ], [ -96.301988, 41.357376 ], [ -96.298758, 41.35662 ], [ -96.292349, 41.357208 ], [ -96.291611, 41.357012 ], [ -96.29084, 41.356642 ], [ -96.290312, 41.356089 ], [ -96.289975, 41.355455 ], [ -96.289993, 41.354851 ], [ -96.290205, 41.354374 ], [ -96.290421, 41.354095 ], [ -96.291704, 41.35353 ], [ -96.292347, 41.353253 ], [ -96.293476, 41.353101 ], [ -96.29697, 41.35343 ], [ -96.297653, 41.353356 ], [ -96.298093, 41.352693 ], [ -96.297415, 41.35132 ], [ -96.296667, 41.350877 ], [ -96.294557, 41.350312 ], [ -96.292345, 41.350036 ], [ -96.2918, 41.349922 ], [ -96.291155, 41.349608 ], [ -96.29053, 41.349068 ], [ -96.290402, 41.348722 ], [ -96.290455, 41.34772 ], [ -96.290832, 41.346456 ], [ -96.291709, 41.345044 ], [ -96.292342, 41.34435 ], [ -96.294785, 41.342604 ], [ -96.301168, 41.340737 ], [ -96.302547, 41.339663 ], [ -96.302764, 41.337033 ], [ -96.300365, 41.335039 ], [ -96.294493, 41.335174 ], [ -96.293339, 41.334485 ], [ -96.292355, 41.332742 ], [ -96.292359, 41.331243 ], [ -96.294371, 41.328674 ], [ -96.294658, 41.327378 ], [ -96.292972, 41.322362 ], [ -96.29333, 41.320869 ], [ -96.293409, 41.318709 ], [ -96.292238, 41.316614 ], [ -96.291848, 41.316044 ], [ -96.291629, 41.313561 ], [ -96.29052, 41.313537 ], [ -96.289654, 41.310505 ], [ -96.287702, 41.3063 ], [ -96.284942, 41.2999 ], [ -96.283185, 41.29371 ], [ -96.28315, 41.293631 ], [ -96.282383, 41.29249 ], [ -96.281858, 41.292048 ], [ -96.282218, 41.291742 ], [ -96.283195, 41.292202 ], [ -96.283609, 41.292055 ], [ -96.291647, 41.291989 ], [ -96.292197, 41.292192 ], [ -96.293691, 41.292744 ], [ -96.295209, 41.292506 ], [ -96.296606, 41.292211 ], [ -96.298013, 41.291932 ], [ -96.307408, 41.291835 ], [ -96.330723, 41.291846 ], [ -96.330906, 41.291846 ], [ -96.340543, 41.291807 ], [ -96.362574, 41.291324 ], [ -96.362514, 41.288227 ], [ -96.36441, 41.285258 ], [ -96.36715, 41.288527 ], [ -96.370402, 41.291599 ], [ -96.375106, 41.29562 ], [ -96.375593, 41.296605 ], [ -96.379016, 41.298837 ], [ -96.379084, 41.29887 ], [ -96.381944, 41.300534 ], [ -96.38313, 41.300828 ], [ -96.384228, 41.301237 ], [ -96.385647, 41.301571 ], [ -96.388162, 41.301965 ], [ -96.394306, 41.305705 ], [ -96.398611, 41.309071 ], [ -96.402521, 41.310704 ], [ -96.40422, 41.311695 ], [ -96.407608, 41.314614 ], [ -96.40862, 41.316049 ], [ -96.409525, 41.318307 ], [ -96.409679, 41.320139 ], [ -96.407957, 41.321734 ], [ -96.406861, 41.328737 ], [ -96.406973, 41.334308 ], [ -96.407437, 41.336623 ], [ -96.409143, 41.341868 ], [ -96.412905, 41.350019 ], [ -96.413189, 41.351753 ], [ -96.414495, 41.354997 ], [ -96.420345, 41.363024 ], [ -96.421852, 41.364478 ], [ -96.424402, 41.366121 ], [ -96.435083, 41.369002 ], [ -96.439621, 41.370129 ], [ -96.445498, 41.373131 ], [ -96.446746, 41.373701 ], [ -96.450388, 41.375198 ], [ -96.453201, 41.376898 ], [ -96.459511, 41.380315 ], [ -96.463264, 41.384218 ], [ -96.470168, 41.392345 ], [ -96.47072, 41.393239 ] ] ] } },
{ "type": "Feature", "properties": { "GEOID": "31055004800", "NAME": "Census Tract 48; Douglas County; Nebraska", "incomeE": 62202.0, "incomeM": 16567.0 }, "geometry": { "type": "Polygon", "coordinates": [ [ [ -95.995074, 41.266889 ], [ -95.995064, 41.270538 ], [ -95.995056, 41.273138 ], [ -95.990224, 41.273153 ], [ -95.985424, 41.273148 ], [ -95.985656, 41.266868 ], [ -95.985666, 41.263229 ], [ -95.985423, 41.259693 ], [ -95.995069, 41.25965 ], [ -95.995076, 41.263215 ], [ -95.995074, 41.266889 ] ] ] } },
{ "type": "Feature", "properties": { "GEOID": "31055006505", "NAME": "Census Tract 65.05; Douglas County; Nebraska", "incomeE": 62039.0, "incomeM": 27807.0 }, "geometry": { "type": "Polygon", "coordinates": [ [ [ -96.023911, 41.324846 ], [ -96.023813, 41.335701 ], [ -96.004691, 41.335754 ], [ -96.004672, 41.332083 ], [ -96.004648, 41.324832 ], [ -96.004622, 41.317625 ], [ -96.012342, 41.317615 ], [ -96.014228, 41.317612 ], [ -96.019509, 41.317756 ], [ -96.023834, 41.319374 ], [ -96.023911, 41.324846 ] ] ] } },
{ "type": "Feature", "properties": { "GEOID": "31055007311", "NAME": "Census Tract 73.11; Douglas County; Nebraska", "incomeE": 65906.0, "incomeM": 18863.0 }, "geometry": { "type": "Polygon", "coordinates": [ [ [ -96.081434, 41.313808 ], [ -96.081329, 41.317504 ], [ -96.081291, 41.321166 ], [ -96.078191, 41.321161 ], [ -96.075994, 41.321184 ], [ -96.074998, 41.321333 ], [ -96.074442, 41.321686 ], [ -96.072086, 41.324845 ], [ -96.071776, 41.324564 ], [ -96.070962, 41.323741 ], [ -96.069232, 41.322211 ], [ -96.070127, 41.320422 ], [ -96.070629, 41.31392 ], [ -96.070941, 41.306667 ], [ -96.08142, 41.306646 ], [ -96.081434, 41.313808 ] ] ] } },
{ "type": "Feature", "properties": { "GEOID": "31055000400", "NAME": "Census Tract 4; Douglas County; Nebraska", "incomeE": 34083.0, "incomeM": 15537.0 }, "geometry": { "type": "Polygon", "coordinates": [ [ [ -95.945664, 41.324871 ], [ -95.94031, 41.327841 ], [ -95.939370692187694, 41.328951515747903 ], [ -95.939291, 41.328897 ], [ -95.926937707317094, 41.322811634146298 ], [ -95.927618, 41.320389 ], [ -95.92766, 41.306642 ], [ -95.927682, 41.304956 ], [ -95.930424, 41.304689 ], [ -95.931962, 41.303355 ], [ -95.932343, 41.299659 ], [ -95.937336, 41.299644 ], [ -95.939428, 41.299578 ], [ -95.94215, 41.29963 ], [ -95.942166, 41.3043 ], [ -95.942438, 41.305011 ], [ -95.942765, 41.305745 ], [ -95.94374, 41.307084 ], [ -95.944821, 41.309039 ], [ -95.944898, 41.309349 ], [ -95.945413, 41.312087 ], [ -95.945381, 41.317573 ], [ -95.945646, 41.320338 ], [ -95.945576, 41.321297 ], [ -95.945588, 41.323229 ], [ -95.945664, 41.324871 ] ] ] } },
{ "type": "Feature", "properties": { "GEOID": "31055004700", "NAME": "Census Tract 47; Douglas County; Nebraska", "incomeE": 163600.0, "incomeM": 37525.0 }, "geometry": { "type": "Polygon", "coordinates": [ [ [ -96.023918, 41.259641 ], [ -96.019131, 41.259643 ], [ -96.019129, 41.263281 ], [ -96.016289, 41.26688 ], [ -96.014341, 41.266877 ], [ -96.014328, 41.267849 ], [ -96.010666, 41.26713 ], [ -96.009782, 41.265052 ], [ -96.005798, 41.265041 ], [ -96.005294, 41.265041 ], [ -96.004064, 41.26809 ], [ -96.002231, 41.269071 ], [ -96.001869, 41.270498 ], [ -95.995064, 41.270538 ], [ -95.995074, 41.266889 ], [ -95.995076, 41.263215 ], [ -95.995069, 41.25965 ], [ -96.004276, 41.259599 ], [ -96.004935, 41.259595 ], [ -96.004955, 41.256584 ], [ -96.014626, 41.255778 ], [ -96.015503, 41.255987 ], [ -96.015709, 41.256036 ], [ -96.023898, 41.256025 ], [ -96.023912, 41.25948 ], [ -96.023918, 41.259641 ] ] ] } },
{ "type": "Feature", "properties": { "GEOID": "31055005902", "NAME": "Census Tract 59.02; Douglas County; Nebraska", "incomeE": 45000.0, "incomeM": 11607.0 }, "geometry": { "type": "Polygon", "coordinates": [ [ [ -95.972185, 41.299556 ], [ -95.969777, 41.299543 ], [ -95.963816, 41.299541 ], [ -95.956556, 41.299571 ], [ -95.956553, 41.294134 ], [ -95.956558, 41.28915 ], [ -95.956556, 41.288692 ], [ -95.972143, 41.288663 ], [ -95.97216, 41.292292 ], [ -95.972166, 41.294106 ], [ -95.972185, 41.299556 ] ] ] } },
{ "type": "Feature", "properties": { "GEOID": "31055006906", "NAME": "Census Tract 69.06; Douglas County; Nebraska", "incomeE": 72563.0, "incomeM": 16027.0 }, "geometry": { "type": "Polygon", "coordinates": [ [ [ -96.04314, 41.226323 ], [ -96.0431, 41.227775 ], [ -96.043077, 41.234259 ], [ -96.038825, 41.234273 ], [ -96.033496, 41.234279 ], [ -96.028835, 41.234261 ], [ -96.025753, 41.234296 ], [ -96.024384, 41.234422 ], [ -96.023928, 41.234511 ], [ -96.023904, 41.227077 ], [ -96.023864, 41.223942 ], [ -96.023894, 41.221681 ], [ -96.02425, 41.221667 ], [ -96.02517, 41.221593 ], [ -96.043122, 41.221566 ], [ -96.04317, 41.225627 ], [ -96.04314, 41.226323 ] ] ] } },
{ "type": "Feature", "properties": { "GEOID": "31055007002", "NAME": "Census Tract 70.02; Douglas County; Nebraska", "incomeE": 70653.0, "incomeM": 5794.0 }, "geometry": { "type": "Polygon", "coordinates": [ [ [ -96.004718, 41.230597 ], [ -96.004487, 41.230616 ], [ -95.997463, 41.230618 ], [ -95.99506, 41.230546 ], [ -95.995102, 41.226992 ], [ -95.990235, 41.226997 ], [ -95.990247, 41.230626 ], [ -95.983039, 41.230625 ], [ -95.978576, 41.230535 ], [ -95.978405, 41.22856 ], [ -95.978586, 41.226991 ], [ -95.975839, 41.226987 ], [ -95.975839, 41.224725 ], [ -95.983297, 41.222785 ], [ -95.990256, 41.222712 ], [ -95.994153, 41.222851 ], [ -96.003886, 41.223855 ], [ -96.004609, 41.223825 ], [ -96.004672, 41.226985 ], [ -96.004718, 41.230597 ] ] ] } },
{ "type": "Feature", "properties": { "GEOID": "31055003401", "NAME": "Census Tract 34.01; Douglas County; Nebraska", "incomeE": 57300.0, "incomeM": 10129.0 }, "geometry": { "type": "Polygon", "coordinates": [ [ [ -95.975842, 41.241522 ], [ -95.969805, 41.241504 ], [ -95.967785, 41.237861 ], [ -95.966538, 41.235764 ], [ -95.966349, 41.234762 ], [ -95.965603, 41.233763 ], [ -95.964156, 41.230307 ], [ -95.96394, 41.229268 ], [ -95.962593, 41.226894 ], [ -95.975839, 41.224725 ], [ -95.975839, 41.226987 ], [ -95.975839, 41.231825 ], [ -95.975829, 41.23424 ], [ -95.975827, 41.235667 ], [ -95.97582, 41.238439 ], [ -95.975842, 41.241522 ] ] ] } },
{ "type": "Feature", "properties": { "GEOID": "31055007470", "NAME": "Census Tract 74.70; Douglas County; Nebraska", "incomeE": 77381.0, "incomeM": 6898.0 }, "geometry": { "type": "Polygon", "coordinates": [ [ [ -96.158117, 41.296425 ], [ -96.158047, 41.306548 ], [ -96.15369, 41.30656 ], [ -96.144281, 41.306587 ], [ -96.143639, 41.306589 ], [ -96.138852, 41.306591 ], [ -96.138829, 41.302386 ], [ -96.138838, 41.298971 ], [ -96.138867, 41.295288 ], [ -96.138873, 41.292177 ], [ -96.143652, 41.29214 ], [ -96.148548, 41.292102 ], [ -96.158137, 41.292135 ], [ -96.158117, 41.296425 ] ] ] } },
{ "type": "Feature", "properties": { "GEOID": "31055006000", "NAME": "Census Tract 60; Douglas County; Nebraska", "incomeE": 37064.0, "incomeM": 12788.0 }, "geometry": { "type": "Polygon", "coordinates": [ [ [ -95.985369, 41.306722 ], [ -95.984839, 41.30672 ], [ -95.980583, 41.306715 ], [ -95.975792, 41.306659 ], [ -95.96996, 41.306662 ], [ -95.968758, 41.307239 ], [ -95.966198, 41.306288 ], [ -95.963827, 41.305123 ], [ -95.960361, 41.303548 ], [ -95.956516, 41.302934 ], [ -95.956556, 41.299571 ], [ -95.963816, 41.299541 ], [ -95.969777, 41.299543 ], [ -95.972185, 41.299556 ], [ -95.975822, 41.299568 ], [ -95.980208, 41.29954 ], [ -95.985466, 41.299598 ], [ -95.985369, 41.306722 ] ] ] } },
{ "type": "Feature", "properties": { "GEOID": "31055007310", "NAME": "Census Tract 73.10; Douglas County; Nebraska", "incomeE": 80900.0, "incomeM": 17891.0 }, "geometry": { "type": "Polygon", "coordinates": [ [ [ -96.100583, 41.313844 ], [ -96.100522, 41.318776 ], [ -96.095448, 41.318159 ], [ -96.090962, 41.317553 ], [ -96.081329, 41.317504 ], [ -96.081434, 41.313808 ], [ -96.08142, 41.306646 ], [ -96.089248, 41.306666 ], [ -96.100665, 41.306614 ], [ -96.100583, 41.313844 ] ] ] } }
]
}
