{
"type": "FeatureCollection",
"name": "Lancaster_tracts",
"crs": { "type": "name", "properties": { "name": "urn:ogc:def:crs:EPSG::4269" } },
"features": [
{ "type": "Feature", "properties": { "GEOID": "31109001200", "NAME": "Census Tract 12; Lancaster County; Nebraska", "total_popE": 6593.0, "total_popM": 1118.0, "incomeE": 78947.0, "incomeM": 9466.0, "whiteE": 5704.0, "whiteM": 1115.0, "blackE": 104.0, "blackM": 99.0, "nativeE": 0.0, "nativeM": 15.0, "asianE": 205.0, "asianM": 161.0, "PIE": 0.0, "PIM": 15.0, "HispE": 206.0, "HispM": 133.0, "summary_est": 6593.0, "summary_moe": 1118.0, "Wpercent": 86.516001820112237, "Bpercent": 1.5774306082208402, "Npercent": 0.0, "Apercent": 3.1093584104353105, "PIpercent": 0.0, "Hpercent": 3.1245260124374337 }, "geometry": { "type": "Polygon", "coordinates": [ [ [ -96.641082, 40.816622 ], [ -96.635267, 40.820657 ], [ -96.634209, 40.821327 ], [ -96.633122, 40.824411 ], [ -96.630457, 40.827 ], [ -96.630448, 40.827933 ], [ -96.624992, 40.827898 ], [ -96.621295, 40.827921 ], [ -96.615457, 40.827958 ], [ -96.605949, 40.828009 ], [ -96.606034, 40.820713 ], [ -96.606088, 40.813496 ], [ -96.616076, 40.813442 ], [ -96.625146, 40.813393 ], [ -96.630545, 40.813421 ], [ -96.641825, 40.813475 ], [ -96.641082, 40.816622 ] ] ] } },
{ "type": "Feature", "properties": { "GEOID": "31109002300", "NAME": "Census Tract 23; Lancaster County; Nebraska", "total_popE": 5412.0, "total_popM": 749.0, "incomeE": 66995.0, "incomeM": 10460.0, "whiteE": 4337.0, "whiteM": 599.0, "blackE": 75.0, "blackM": 120.0, "nativeE": 26.0, "nativeM": 34.0, "asianE": 187.0, "asianM": 151.0, "PIE": 26.0, "PIM": 46.0, "HispE": 480.0, "HispM": 334.0, "summary_est": 5412.0, "summary_moe": 749.0, "Wpercent": 80.136733185513677, "Bpercent": 1.3858093126385811, "Npercent": 0.48041389504804144, "Apercent": 3.4552845528455287, "PIpercent": 0.48041389504804144, "Hpercent": 8.8691796008869179 }, "geometry": { "type": "Polygon", "coordinates": [ [ [ -96.696745, 40.791757 ], [ -96.696654, 40.799135 ], [ -96.692364, 40.79913 ], [ -96.691778, 40.798989 ], [ -96.689279, 40.798962 ], [ -96.682491, 40.798943 ], [ -96.682352, 40.798943 ], [ -96.677802, 40.79898 ], [ -96.67661, 40.798853 ], [ -96.676847, 40.796601 ], [ -96.674492, 40.795296 ], [ -96.67414, 40.791673 ], [ -96.682402, 40.791686 ], [ -96.682537, 40.791716 ], [ -96.687224, 40.79173 ], [ -96.687262, 40.788069 ], [ -96.687396, 40.785349 ], [ -96.687403, 40.784443 ], [ -96.691667, 40.784455 ], [ -96.692058, 40.784456 ], [ -96.696827, 40.78447 ], [ -96.696745, 40.791757 ] ] ] } },
{ "type": "Feature", "properties": { "GEOID": "31109003801", "NAME": "Census Tract 38.01; Lancaster County; Nebraska", "total_popE": 4696.0, "total_popM": 497.0, "incomeE": 79347.0, "incomeM": 12180.0, "whiteE": 4251.0, "whiteM": 529.0, "blackE": 34.0, "blackM": 53.0, "nativeE": 37.0, "nativeM": 47.0, "asianE": 37.0, "asianM": 30.0, "PIE": 0.0, "PIM": 10.0, "HispE": 163.0, "HispM": 138.0, "summary_est": 4696.0, "summary_moe": 497.0, "Wpercent": 90.523850085178879, "Bpercent": 0.72402044293015333, "Npercent": 0.78790459965928439, "Apercent": 0.78790459965928439, "PIpercent": 0.0, "Hpercent": 3.471039182282794 }, "geometry": { "type": "Polygon", "coordinates": [ [ [ -96.625139, 40.791551 ], [ -96.62514, 40.798779 ], [ -96.615492, 40.799006 ], [ -96.606101, 40.798831 ], [ -96.606066, 40.791509 ], [ -96.606066, 40.791291 ], [ -96.605666, 40.784231 ], [ -96.606008, 40.784233 ], [ -96.61193, 40.78425 ], [ -96.618633, 40.784268 ], [ -96.624995, 40.784285 ], [ -96.62515, 40.784285 ], [ -96.625139, 40.791551 ] ] ] } },
{ "type": "Feature", "properties": { "GEOID": "31109003802", "NAME": "Census Tract 38.02; Lancaster County; Nebraska", "total_popE": 3297.0, "total_popM": 477.0, "incomeE": 89451.0, "incomeM": 6592.0, "whiteE": 2983.0, "whiteM": 494.0, "blackE": 46.0, "blackM": 77.0, "nativeE": 43.0, "nativeM": 55.0, "asianE": 0.0, "asianM": 10.0, "PIE": 0.0, "PIM": 10.0, "HispE": 138.0, "HispM": 88.0, "summary_est": 3297.0, "summary_moe": 477.0, "Wpercent": 90.476190476190482, "Bpercent": 1.3952077646345162, "Npercent": 1.3042159538974827, "Apercent": 0.0, "PIpercent": 0.0, "Hpercent": 4.1856232939035491 }, "geometry": { "type": "Polygon", "coordinates": [ [ [ -96.625146, 40.813393 ], [ -96.616076, 40.813442 ], [ -96.606088, 40.813496 ], [ -96.605931, 40.808122 ], [ -96.606101, 40.798831 ], [ -96.615492, 40.799006 ], [ -96.62514, 40.798779 ], [ -96.625206, 40.806093 ], [ -96.625146, 40.813393 ] ] ] } },
{ "type": "Feature", "properties": { "GEOID": "31109000201", "NAME": "Census Tract 2.01; Lancaster County; Nebraska", "total_popE": 4597.0, "total_popM": 497.0, "incomeE": 67587.0, "incomeM": 9261.0, "whiteE": 3975.0, "whiteM": 514.0, "blackE": 74.0, "blackM": 118.0, "nativeE": 0.0, "nativeM": 10.0, "asianE": 41.0, "asianM": 68.0, "PIE": 0.0, "PIM": 10.0, "HispE": 204.0, "HispM": 215.0, "summary_est": 4597.0, "summary_moe": 497.0, "Wpercent": 86.469436589079834, "Bpercent": 1.6097454861866434, "Npercent": 0.0, "Apercent": 0.89188601261692402, "PIpercent": 0.0, "Hpercent": 4.4376767457037198 }, "geometry": { "type": "Polygon", "coordinates": [ [ [ -96.644132, 40.84128 ], [ -96.644131, 40.842564 ], [ -96.644128, 40.8462 ], [ -96.644122, 40.851266 ], [ -96.644122, 40.851489 ], [ -96.639914, 40.851762 ], [ -96.635802, 40.851762 ], [ -96.634426, 40.851762 ], [ -96.631716, 40.853847 ], [ -96.630416, 40.851761 ], [ -96.624872, 40.85176 ], [ -96.624873, 40.851498 ], [ -96.624873, 40.851267 ], [ -96.624912, 40.842452 ], [ -96.630396, 40.842493 ], [ -96.630432, 40.835202 ], [ -96.644134, 40.835286 ], [ -96.644132, 40.84128 ] ] ] } },
{ "type": "Feature", "properties": { "GEOID": "31109000800", "NAME": "Census Tract 8; Lancaster County; Nebraska", "total_popE": 3882.0, "total_popM": 589.0, "incomeE": 49280.0, "incomeM": 7689.0, "whiteE": 1999.0, "whiteM": 518.0, "blackE": 610.0, "blackM": 313.0, "nativeE": 6.0, "nativeM": 11.0, "asianE": 343.0, "asianM": 248.0, "PIE": 8.0, "PIM": 31.0, "HispE": 750.0, "HispM": 241.0, "summary_est": 3882.0, "summary_moe": 589.0, "Wpercent": 51.494075218959303, "Bpercent": 15.713549716640907, "Npercent": 0.15455950540958269, "Apercent": 8.8356517259144773, "PIpercent": 0.20607934054611027, "Hpercent": 19.319938176197837 }, "geometry": { "type": "Polygon", "coordinates": [ [ [ -96.682396, 40.815759 ], [ -96.682391, 40.816861 ], [ -96.68239, 40.817094 ], [ -96.682376, 40.820704 ], [ -96.682335, 40.823517 ], [ -96.678419, 40.823451 ], [ -96.677705, 40.823472 ], [ -96.672851, 40.823034 ], [ -96.670208, 40.823109 ], [ -96.670203, 40.820786 ], [ -96.668881, 40.820789 ], [ -96.668872, 40.815531 ], [ -96.670192, 40.814515 ], [ -96.669481, 40.813542 ], [ -96.672782, 40.813537 ], [ -96.680277, 40.813528 ], [ -96.682406, 40.813583 ], [ -96.682396, 40.815759 ] ] ] } },
{ "type": "Feature", "properties": { "GEOID": "31109003601", "NAME": "Census Tract 36.01; Lancaster County; Nebraska", "total_popE": 1166.0, "total_popM": 83.0, "incomeE": null, "incomeM": null, "whiteE": 553.0, "whiteM": 89.0, "blackE": 369.0, "blackM": 75.0, "nativeE": 20.0, "nativeM": 17.0, "asianE": 5.0, "asianM": 10.0, "PIE": 0.0, "PIM": 10.0, "HispE": 149.0, "HispM": 44.0, "summary_est": 1166.0, "summary_moe": 83.0, "Wpercent": 47.427101200686103, "Bpercent": 31.646655231560892, "Npercent": 1.7152658662092626, "Apercent": 0.42881646655231564, "PIpercent": 0.0, "Hpercent": 12.778730703259006 }, "geometry": { "type": "Polygon", "coordinates": [ [ [ -96.7048, 40.771888 ], [ -96.704557, 40.772684 ], [ -96.704968, 40.774468 ], [ -96.703841, 40.773178 ], [ -96.701542, 40.771511 ], [ -96.701491, 40.767671 ], [ -96.707247, 40.768389 ], [ -96.7048, 40.771888 ] ] ] } },
{ "type": "Feature", "properties": { "GEOID": "31109001003", "NAME": "Census Tract 10.03; Lancaster County; Nebraska", "total_popE": 3995.0, "total_popM": 514.0, "incomeE": 62594.0, "incomeM": 9442.0, "whiteE": 3024.0, "whiteM": 574.0, "blackE": 133.0, "blackM": 188.0, "nativeE": 12.0, "nativeM": 16.0, "asianE": 453.0, "asianM": 229.0, "PIE": 0.0, "PIM": 10.0, "HispE": 111.0, "HispM": 91.0, "summary_est": 3995.0, "summary_moe": 514.0, "Wpercent": 75.694618272841055, "Bpercent": 3.3291614518147683, "Npercent": 0.30037546933667081, "Apercent": 11.339173967459324, "PIpercent": 0.0, "Hpercent": 2.7784730913642051 }, "geometry": { "type": "Polygon", "coordinates": [ [ [ -96.653725, 40.827957 ], [ -96.644136, 40.828019 ], [ -96.643933, 40.828018 ], [ -96.630448, 40.827933 ], [ -96.630457, 40.827 ], [ -96.633122, 40.824411 ], [ -96.634209, 40.821327 ], [ -96.635267, 40.820657 ], [ -96.644145, 40.820707 ], [ -96.646534, 40.820711 ], [ -96.653663, 40.820699 ], [ -96.653663, 40.820804 ], [ -96.653725, 40.827957 ] ] ] } },
{ "type": "Feature", "properties": { "GEOID": "31109003607", "NAME": "Census Tract 36.07; Lancaster County; Nebraska", "total_popE": 4772.0, "total_popM": 473.0, "incomeE": 93750.0, "incomeM": 15928.0, "whiteE": 3605.0, "whiteM": 476.0, "blackE": 186.0, "blackM": 158.0, "nativeE": 0.0, "nativeM": 10.0, "asianE": 562.0, "asianM": 224.0, "PIE": 0.0, "PIM": 10.0, "HispE": 222.0, "HispM": 125.0, "summary_est": 4772.0, "summary_moe": 473.0, "Wpercent": 75.544844928751047, "Bpercent": 3.8977367979882644, "Npercent": 0.0, "Apercent": 11.777032690695725, "PIpercent": 0.0, "Hpercent": 4.6521374685666386 }, "geometry": { "type": "Polygon", "coordinates": [ [ [ -96.701544, 40.738504 ], [ -96.690582, 40.738585 ], [ -96.688005, 40.739455 ], [ -96.687218, 40.73956 ], [ -96.682528, 40.739568 ], [ -96.682525, 40.734673 ], [ -96.682522, 40.730331 ], [ -96.682519, 40.726403 ], [ -96.697987, 40.726529 ], [ -96.698326, 40.726651 ], [ -96.701508, 40.728138 ], [ -96.701532, 40.733757 ], [ -96.701544, 40.738504 ] ] ] } },
{ "type": "Feature", "properties": { "GEOID": "31109003723", "NAME": "Census Tract 37.23; Lancaster County; Nebraska", "total_popE": 4033.0, "total_popM": 1054.0, "incomeE": 103571.0, "incomeM": 4714.0, "whiteE": 3584.0, "whiteM": 1056.0, "blackE": 54.0, "blackM": 63.0, "nativeE": 13.0, "nativeM": 16.0, "asianE": 92.0, "asianM": 97.0, "PIE": 0.0, "PIM": 10.0, "HispE": 159.0, "HispM": 150.0, "summary_est": 4033.0, "summary_moe": 1054.0, "Wpercent": 88.866848499876028, "Bpercent": 1.3389536325316143, "Npercent": 0.3223406893131664, "Apercent": 2.2811802628316391, "PIpercent": 0.0, "Hpercent": 3.94247458467642 }, "geometry": { "type": "Polygon", "coordinates": [ [ [ -96.644347, 40.762936 ], [ -96.644346, 40.766113 ], [ -96.644371, 40.769725 ], [ -96.644226, 40.76974 ], [ -96.637154, 40.769711 ], [ -96.628785, 40.769746 ], [ -96.625272, 40.769693 ], [ -96.625272, 40.769612 ], [ -96.625279, 40.761234 ], [ -96.625284, 40.758792 ], [ -96.625292, 40.755264 ], [ -96.639403, 40.755144 ], [ -96.640513, 40.754436 ], [ -96.644251, 40.75632 ], [ -96.644385, 40.756362 ], [ -96.644347, 40.762936 ] ] ] } },
{ "type": "Feature", "properties": { "GEOID": "31109001101", "NAME": "Census Tract 11.01; Lancaster County; Nebraska", "total_popE": 4619.0, "total_popM": 410.0, "incomeE": 95601.0, "incomeM": 14434.0, "whiteE": 3838.0, "whiteM": 397.0, "blackE": 28.0, "blackM": 32.0, "nativeE": 0.0, "nativeM": 10.0, "asianE": 0.0, "asianM": 10.0, "PIE": 0.0, "PIM": 10.0, "HispE": 571.0, "HispM": 246.0, "summary_est": 4619.0, "summary_moe": 410.0, "Wpercent": 83.091578263693449, "Bpercent": 0.60619181641047848, "Npercent": 0.0, "Apercent": 0.0, "PIpercent": 0.0, "Hpercent": 12.361983113227971 }, "geometry": { "type": "Polygon", "coordinates": [ [ [ -96.630396, 40.842493 ], [ -96.624912, 40.842452 ], [ -96.624873, 40.851267 ], [ -96.624873, 40.851498 ], [ -96.61889, 40.8514 ], [ -96.605793, 40.851578 ], [ -96.605912, 40.8426 ], [ -96.605933, 40.835308 ], [ -96.619012, 40.835212 ], [ -96.620719, 40.8352 ], [ -96.630384, 40.835202 ], [ -96.630432, 40.835202 ], [ -96.630396, 40.842493 ] ] ] } },
{ "type": "Feature", "properties": { "GEOID": "31109002002", "NAME": "Census Tract 20.02; Lancaster County; Nebraska", "total_popE": 2843.0, "total_popM": 408.0, "incomeE": 33517.0, "incomeM": 4282.0, "whiteE": 1635.0, "whiteM": 348.0, "blackE": 285.0, "blackM": 184.0, "nativeE": 0.0, "nativeM": 10.0, "asianE": 34.0, "asianM": 39.0, "PIE": 0.0, "PIM": 10.0, "HispE": 729.0, "HispM": 266.0, "summary_est": 2843.0, "summary_moe": 408.0, "Wpercent": 57.509672880759766, "Bpercent": 10.024621878297573, "Npercent": 0.0, "Apercent": 1.1959198030249736, "PIpercent": 0.0, "Hpercent": 25.641927541329579 }, "geometry": { "type": "Polygon", "coordinates": [ [ [ -96.708541, 40.803666 ], [ -96.708514, 40.806956 ], [ -96.708502, 40.809212 ], [ -96.707024, 40.809208 ], [ -96.702627, 40.809198 ], [ -96.702565, 40.809198 ], [ -96.702589, 40.805846 ], [ -96.702604, 40.803646 ], [ -96.702635, 40.799198 ], [ -96.7071, 40.799214 ], [ -96.708581, 40.79922 ], [ -96.708541, 40.803666 ] ] ] } },
{ "type": "Feature", "properties": { "GEOID": "31109002001", "NAME": "Census Tract 20.01; Lancaster County; Nebraska", "total_popE": 2467.0, "total_popM": 301.0, "incomeE": 32721.0, "incomeM": 6304.0, "whiteE": 1460.0, "whiteM": 251.0, "blackE": 162.0, "blackM": 76.0, "nativeE": 14.0, "nativeM": 18.0, "asianE": 88.0, "asianM": 75.0, "PIE": 0.0, "PIM": 10.0, "HispE": 641.0, "HispM": 232.0, "summary_est": 2467.0, "summary_moe": 301.0, "Wpercent": 59.181191730847182, "Bpercent": 6.566680178354277, "Npercent": 0.56749087961086342, "Apercent": 3.5670855289825698, "PIpercent": 0.0, "Hpercent": 25.982975273611675 }, "geometry": { "type": "Polygon", "coordinates": [ [ [ -96.702604, 40.803646 ], [ -96.702589, 40.805846 ], [ -96.702565, 40.809198 ], [ -96.696769, 40.809176 ], [ -96.696788, 40.805821 ], [ -96.696805, 40.803629 ], [ -96.69684, 40.799179 ], [ -96.701399, 40.799194 ], [ -96.702635, 40.799198 ], [ -96.702604, 40.803646 ] ] ] } },
{ "type": "Feature", "properties": { "GEOID": "31109003002", "NAME": "Census Tract 30.02; Lancaster County; Nebraska", "total_popE": 3279.0, "total_popM": 423.0, "incomeE": 47383.0, "incomeM": 9237.0, "whiteE": 2134.0, "whiteM": 435.0, "blackE": 287.0, "blackM": 189.0, "nativeE": 20.0, "nativeM": 30.0, "asianE": 177.0, "asianM": 192.0, "PIE": 0.0, "PIM": 10.0, "HispE": 304.0, "HispM": 189.0, "summary_est": 3279.0, "summary_moe": 423.0, "Wpercent": 65.080817322354378, "Bpercent": 8.7526684964928325, "Npercent": 0.60994205550472702, "Apercent": 5.3979871912168349, "PIpercent": 0.0, "Hpercent": 9.2711192436718513 }, "geometry": { "type": "Polygon", "coordinates": [ [ [ -96.713168, 40.855151 ], [ -96.710676, 40.855711 ], [ -96.707933, 40.857305 ], [ -96.701075, 40.857282 ], [ -96.701104, 40.850585 ], [ -96.701106, 40.850173 ], [ -96.701146, 40.847429 ], [ -96.701212, 40.842892 ], [ -96.701313, 40.83413 ], [ -96.70773, 40.831701 ], [ -96.712165, 40.828701 ], [ -96.71214, 40.833683 ], [ -96.712081, 40.842967 ], [ -96.712241, 40.850757 ], [ -96.713168, 40.855151 ] ] ] } },
{ "type": "Feature", "properties": { "GEOID": "31109003716", "NAME": "Census Tract 37.16; Lancaster County; Nebraska", "total_popE": 5115.0, "total_popM": 661.0, "incomeE": 106285.0, "incomeM": 10295.0, "whiteE": 4277.0, "whiteM": 664.0, "blackE": 47.0, "blackM": 40.0, "nativeE": 10.0, "nativeM": 14.0, "asianE": 177.0, "asianM": 119.0, "PIE": 0.0, "PIM": 15.0, "HispE": 278.0, "HispM": 160.0, "summary_est": 5115.0, "summary_moe": 661.0, "Wpercent": 83.616813294232657, "Bpercent": 0.91886608015640281, "Npercent": 0.19550342130987292, "Apercent": 3.4604105571847512, "PIpercent": 0.0, "Hpercent": 5.4349951124144678 }, "geometry": { "type": "Polygon", "coordinates": [ [ [ -96.682528, 40.739568 ], [ -96.677378, 40.740827 ], [ -96.673746, 40.740884 ], [ -96.663422, 40.740815 ], [ -96.663428, 40.732964 ], [ -96.663428, 40.732911 ], [ -96.663444, 40.726317 ], [ -96.672972, 40.726559 ], [ -96.682519, 40.726403 ], [ -96.682522, 40.730331 ], [ -96.682525, 40.734673 ], [ -96.682528, 40.739568 ] ] ] } },
{ "type": "Feature", "properties": { "GEOID": "31109001102", "NAME": "Census Tract 11.02; Lancaster County; Nebraska", "total_popE": 3314.0, "total_popM": 500.0, "incomeE": 77708.0, "incomeM": 9002.0, "whiteE": 2758.0, "whiteM": 441.0, "blackE": 108.0, "blackM": 124.0, "nativeE": 0.0, "nativeM": 10.0, "asianE": 101.0, "asianM": 81.0, "PIE": 0.0, "PIM": 10.0, "HispE": 105.0, "HispM": 84.0, "summary_est": 3314.0, "summary_moe": 500.0, "Wpercent": 83.222691611345795, "Bpercent": 3.2589016294508144, "Npercent": 0.0, "Apercent": 3.0476765238382617, "PIpercent": 0.0, "Hpercent": 3.1683765841882918 }, "geometry": { "type": "Polygon", "coordinates": [ [ [ -96.630412, 40.832104 ], [ -96.630384, 40.835202 ], [ -96.620719, 40.8352 ], [ -96.619012, 40.835212 ], [ -96.605933, 40.835308 ], [ -96.605949, 40.828009 ], [ -96.615457, 40.827958 ], [ -96.621295, 40.827921 ], [ -96.624992, 40.827898 ], [ -96.630448, 40.827933 ], [ -96.630412, 40.832104 ] ] ] } },
{ "type": "Feature", "properties": { "GEOID": "31109003301", "NAME": "Census Tract 33.01; Lancaster County; Nebraska", "total_popE": 3877.0, "total_popM": 425.0, "incomeE": 54537.0, "incomeM": 5746.0, "whiteE": 3376.0, "whiteM": 425.0, "blackE": 14.0, "blackM": 21.0, "nativeE": 0.0, "nativeM": 10.0, "asianE": 175.0, "asianM": 145.0, "PIE": 17.0, "PIM": 28.0, "HispE": 219.0, "HispM": 126.0, "summary_est": 3877.0, "summary_moe": 425.0, "Wpercent": 87.077637348465302, "Bpercent": 0.36110394635027082, "Npercent": 0.0, "Apercent": 4.5137993293783856, "PIpercent": 0.43848336342532884, "Hpercent": 5.648697446479237 }, "geometry": { "type": "Polygon", "coordinates": [ [ [ -96.756483, 40.817626 ], [ -96.754939, 40.818794 ], [ -96.754466, 40.819316 ], [ -96.752999, 40.821416 ], [ -96.745845, 40.83182 ], [ -96.744768, 40.831195 ], [ -96.737459, 40.830079 ], [ -96.73197, 40.829674 ], [ -96.730462, 40.829793 ], [ -96.720401, 40.831928 ], [ -96.71214, 40.833683 ], [ -96.712165, 40.828701 ], [ -96.716597, 40.825907 ], [ -96.717561, 40.824535 ], [ -96.718173, 40.821258 ], [ -96.722808, 40.816785 ], [ -96.723116, 40.813711 ], [ -96.733089, 40.813774 ], [ -96.733667, 40.813079 ], [ -96.733859, 40.812916 ], [ -96.735648, 40.811798 ], [ -96.753283, 40.809953 ], [ -96.753726, 40.810608 ], [ -96.755126, 40.813822 ], [ -96.756483, 40.817626 ] ] ] } },
{ "type": "Feature", "properties": { "GEOID": "31109001002", "NAME": "Census Tract 10.02; Lancaster County; Nebraska", "total_popE": 1910.0, "total_popM": 308.0, "incomeE": 48620.0, "incomeM": 10177.0, "whiteE": 1350.0, "whiteM": 261.0, "blackE": 150.0, "blackM": 178.0, "nativeE": 0.0, "nativeM": 10.0, "asianE": 146.0, "asianM": 134.0, "PIE": 0.0, "PIM": 10.0, "HispE": 129.0, "HispM": 74.0, "summary_est": 1910.0, "summary_moe": 308.0, "Wpercent": 70.680628272251312, "Bpercent": 7.8534031413612562, "Npercent": 0.0, "Apercent": 7.6439790575916229, "PIpercent": 0.0, "Hpercent": 6.7539267015706814 }, "geometry": { "type": "Polygon", "coordinates": [ [ [ -96.653663, 40.820699 ], [ -96.646534, 40.820711 ], [ -96.644145, 40.820707 ], [ -96.635267, 40.820657 ], [ -96.641082, 40.816622 ], [ -96.641825, 40.813475 ], [ -96.648828, 40.81351 ], [ -96.653628, 40.813528 ], [ -96.653663, 40.820699 ] ] ] } },
{ "type": "Feature", "properties": { "GEOID": "31109003713", "NAME": "Census Tract 37.13; Lancaster County; Nebraska", "total_popE": 2725.0, "total_popM": 239.0, "incomeE": 108824.0, "incomeM": 11592.0, "whiteE": 2438.0, "whiteM": 271.0, "blackE": 36.0, "blackM": 36.0, "nativeE": 0.0, "nativeM": 10.0, "asianE": 164.0, "asianM": 113.0, "PIE": 0.0, "PIM": 10.0, "HispE": 75.0, "HispM": 68.0, "summary_est": 2725.0, "summary_moe": 239.0, "Wpercent": 89.467889908256879, "Bpercent": 1.3211009174311927, "Npercent": 0.0, "Apercent": 6.0183486238532113, "PIpercent": 0.0, "Hpercent": 2.7522935779816518 }, "geometry": { "type": "Polygon", "coordinates": [ [ [ -96.639403, 40.755144 ], [ -96.625292, 40.755264 ], [ -96.616339, 40.755256 ], [ -96.612538, 40.755253 ], [ -96.606104, 40.755248 ], [ -96.606119, 40.741499 ], [ -96.606076, 40.736919 ], [ -96.60655, 40.735992 ], [ -96.61777, 40.742161 ], [ -96.640513, 40.754436 ], [ -96.639403, 40.755144 ] ] ] } },
{ "type": "Feature", "properties": { "GEOID": "31109001900", "NAME": "Census Tract 19; Lancaster County; Nebraska", "total_popE": 1971.0, "total_popM": 273.0, "incomeE": 33825.0, "incomeM": 6667.0, "whiteE": 1658.0, "whiteM": 292.0, "blackE": 87.0, "blackM": 62.0, "nativeE": 6.0, "nativeM": 7.0, "asianE": 70.0, "asianM": 49.0, "PIE": 0.0, "PIM": 10.0, "HispE": 107.0, "HispM": 83.0, "summary_est": 1971.0, "summary_moe": 273.0, "Wpercent": 84.119736174530686, "Bpercent": 4.4140030441400304, "Npercent": 0.30441400304414001, "Apercent": 3.5514967021816335, "PIpercent": 0.0, "Hpercent": 5.4287163876204971 }, "geometry": { "type": "Polygon", "coordinates": [ [ [ -96.708479, 40.813671 ], [ -96.708463, 40.81696 ], [ -96.707123, 40.816901 ], [ -96.704516, 40.816968 ], [ -96.702569, 40.816939 ], [ -96.701134, 40.81693 ], [ -96.698174, 40.816929 ], [ -96.696732, 40.815823 ], [ -96.696769, 40.809176 ], [ -96.702565, 40.809198 ], [ -96.702627, 40.809198 ], [ -96.707024, 40.809208 ], [ -96.708502, 40.809212 ], [ -96.708479, 40.813671 ] ] ] } },
{ "type": "Feature", "properties": { "GEOID": "31109003003", "NAME": "Census Tract 30.03; Lancaster County; Nebraska", "total_popE": 5199.0, "total_popM": 758.0, "incomeE": 48889.0, "incomeM": 16265.0, "whiteE": 3134.0, "whiteM": 803.0, "blackE": 588.0, "blackM": 165.0, "nativeE": 110.0, "nativeM": 96.0, "asianE": 257.0, "asianM": 174.0, "PIE": 0.0, "PIM": 15.0, "HispE": 718.0, "HispM": 422.0, "summary_est": 5199.0, "summary_moe": 758.0, "Wpercent": 60.280823235237548, "Bpercent": 11.309867282169648, "Npercent": 2.1157914983650703, "Apercent": 4.9432583189074819, "PIpercent": 0.0, "Hpercent": 13.810348143873821 }, "geometry": { "type": "Polygon", "coordinates": [ [ [ -96.701212, 40.842892 ], [ -96.701146, 40.847429 ], [ -96.701106, 40.850173 ], [ -96.701104, 40.850585 ], [ -96.701075, 40.857282 ], [ -96.700866, 40.857395 ], [ -96.691527, 40.8572 ], [ -96.69105, 40.85719 ], [ -96.681983, 40.857005 ], [ -96.682073, 40.842595 ], [ -96.682222, 40.836087 ], [ -96.696521, 40.828572 ], [ -96.698992, 40.827268 ], [ -96.700877, 40.83067 ], [ -96.701313, 40.83413 ], [ -96.701212, 40.842892 ] ] ] } },
{ "type": "Feature", "properties": { "GEOID": "31109000100", "NAME": "Census Tract 1; Lancaster County; Nebraska", "total_popE": 3365.0, "total_popM": 539.0, "incomeE": 48464.0, "incomeM": 11270.0, "whiteE": 2624.0, "whiteM": 601.0, "blackE": 59.0, "blackM": 66.0, "nativeE": 0.0, "nativeM": 10.0, "asianE": 44.0, "asianM": 47.0, "PIE": 0.0, "PIM": 10.0, "HispE": 445.0, "HispM": 248.0, "summary_est": 3365.0, "summary_moe": 539.0, "Wpercent": 77.979197622585446, "Bpercent": 1.7533432392273403, "Npercent": 0.0, "Apercent": 1.3075780089153046, "PIpercent": 0.0, "Hpercent": 13.224368499257059 }, "geometry": { "type": "Polygon", "coordinates": [ [ [ -96.653622, 40.85112 ], [ -96.642124, 40.857116 ], [ -96.643224, 40.857564 ], [ -96.640069, 40.860447 ], [ -96.635719, 40.866582 ], [ -96.63282, 40.868333 ], [ -96.629451, 40.869167 ], [ -96.624707, 40.868826 ], [ -96.622311, 40.868253 ], [ -96.621185, 40.868103 ], [ -96.619472, 40.868178 ], [ -96.618091, 40.86859 ], [ -96.617262, 40.869002 ], [ -96.61241, 40.872177 ], [ -96.60689, 40.875027 ], [ -96.605762, 40.87355 ], [ -96.605591, 40.871096 ], [ -96.60565, 40.864306 ], [ -96.605667, 40.862328 ], [ -96.605706, 40.85811 ], [ -96.605716, 40.857091 ], [ -96.605793, 40.851578 ], [ -96.61889, 40.8514 ], [ -96.624873, 40.851498 ], [ -96.624872, 40.85176 ], [ -96.630416, 40.851761 ], [ -96.631716, 40.853847 ], [ -96.634426, 40.851762 ], [ -96.635802, 40.851762 ], [ -96.639914, 40.851762 ], [ -96.644122, 40.851489 ], [ -96.645275, 40.851264 ], [ -96.652347, 40.851187 ], [ -96.653623, 40.851024 ], [ -96.653622, 40.85112 ] ] ] } },
{ "type": "Feature", "properties": { "GEOID": "31109003609", "NAME": "Census Tract 36.09; Lancaster County; Nebraska", "total_popE": 2554.0, "total_popM": 300.0, "incomeE": 141136.0, "incomeM": 37898.0, "whiteE": 2280.0, "whiteM": 279.0, "blackE": 15.0, "blackM": 17.0, "nativeE": 0.0, "nativeM": 10.0, "asianE": 205.0, "asianM": 147.0, "PIE": 0.0, "PIM": 10.0, "HispE": 7.0, "HispM": 10.0, "summary_est": 2554.0, "summary_moe": 300.0, "Wpercent": 89.271730618637434, "Bpercent": 0.5873140172278779, "Npercent": 0.0, "Apercent": 8.0266249021143299, "PIpercent": 0.0, "Hpercent": 0.27407987470634299 }, "geometry": { "type": "Polygon", "coordinates": [ [ [ -96.70168, 40.755672 ], [ -96.697616, 40.755632 ], [ -96.69417, 40.755598 ], [ -96.682566, 40.755482 ], [ -96.682524, 40.744981 ], [ -96.682528, 40.739568 ], [ -96.687218, 40.73956 ], [ -96.688005, 40.739455 ], [ -96.690582, 40.738585 ], [ -96.701544, 40.738504 ], [ -96.70168, 40.755672 ] ] ] } },
{ "type": "Feature", "properties": { "GEOID": "31109003725", "NAME": "Census Tract 37.25; Lancaster County; Nebraska", "total_popE": 3379.0, "total_popM": 659.0, "incomeE": 147250.0, "incomeM": 28941.0, "whiteE": 3144.0, "whiteM": 687.0, "blackE": 2.0, "blackM": 8.0, "nativeE": 0.0, "nativeM": 10.0, "asianE": 64.0, "asianM": 79.0, "PIE": 0.0, "PIM": 10.0, "HispE": 57.0, "HispM": 54.0, "summary_est": 3379.0, "summary_moe": 659.0, "Wpercent": 93.045279668540985, "Bpercent": 0.059189109203906486, "Npercent": 0.0, "Apercent": 1.8940514945250075, "PIpercent": 0.0, "Hpercent": 1.6868896123113348 }, "geometry": { "type": "Polygon", "coordinates": [ [ [ -96.644419, 40.716743 ], [ -96.644407, 40.71908 ], [ -96.644398, 40.720839 ], [ -96.644389, 40.722614 ], [ -96.644383, 40.723592 ], [ -96.644379, 40.724503 ], [ -96.644374, 40.725352 ], [ -96.644369, 40.726328 ], [ -96.637695, 40.726174 ], [ -96.636505, 40.726141 ], [ -96.634887, 40.726101 ], [ -96.629539, 40.726111 ], [ -96.628781, 40.726351 ], [ -96.625642, 40.726356 ], [ -96.625461, 40.726493 ], [ -96.615852, 40.726506 ], [ -96.612616, 40.726332 ], [ -96.606171, 40.72632 ], [ -96.606158, 40.719084 ], [ -96.606151, 40.715429 ], [ -96.606147, 40.713545 ], [ -96.606145, 40.711789 ], [ -96.606282, 40.697279 ], [ -96.615818, 40.697295 ], [ -96.622735, 40.697305 ], [ -96.628523, 40.697315 ], [ -96.644407, 40.697333 ], [ -96.644426, 40.715441 ], [ -96.644419, 40.716743 ] ] ] } },
{ "type": "Feature", "properties": { "GEOID": "31109003202", "NAME": "Census Tract 32.02; Lancaster County; Nebraska", "total_popE": 2881.0, "total_popM": 410.0, "incomeE": 63468.0, "incomeM": 3329.0, "whiteE": 2076.0, "whiteM": 316.0, "blackE": 87.0, "blackM": 87.0, "nativeE": 0.0, "nativeM": 10.0, "asianE": 0.0, "asianM": 10.0, "PIE": 0.0, "PIM": 10.0, "HispE": 540.0, "HispM": 394.0, "summary_est": 2881.0, "summary_moe": 410.0, "Wpercent": 72.058313085734113, "Bpercent": 3.0197847969455052, "Npercent": 0.0, "Apercent": 0.0, "PIpercent": 0.0, "Hpercent": 18.743491843110029 }, "geometry": { "type": "Polygon", "coordinates": [ [ [ -96.815245, 40.846416 ], [ -96.815221, 40.850044 ], [ -96.815173, 40.857342 ], [ -96.805685, 40.857308 ], [ -96.805534, 40.857308 ], [ -96.796017, 40.857274 ], [ -96.795971, 40.864547 ], [ -96.795908, 40.871692 ], [ -96.795907, 40.871813 ], [ -96.787002, 40.8718 ], [ -96.787003, 40.871675 ], [ -96.787243, 40.852619 ], [ -96.787305, 40.846917 ], [ -96.787349, 40.842783 ], [ -96.79613, 40.842758 ], [ -96.797332, 40.842762 ], [ -96.805688, 40.842803 ], [ -96.815269, 40.842845 ], [ -96.815245, 40.846416 ] ] ] } },
{ "type": "Feature", "properties": { "GEOID": "31109003103", "NAME": "Census Tract 31.03; Lancaster County; Nebraska", "total_popE": 2752.0, "total_popM": 375.0, "incomeE": 56007.0, "incomeM": 13675.0, "whiteE": 1886.0, "whiteM": 375.0, "blackE": 27.0, "blackM": 26.0, "nativeE": 0.0, "nativeM": 10.0, "asianE": 189.0, "asianM": 131.0, "PIE": 0.0, "PIM": 10.0, "HispE": 457.0, "HispM": 254.0, "summary_est": 2752.0, "summary_moe": 375.0, "Wpercent": 68.531976744186053, "Bpercent": 0.98110465116279066, "Npercent": 0.0, "Apercent": 6.8677325581395348, "PIpercent": 0.0, "Hpercent": 16.606104651162788 }, "geometry": { "type": "Polygon", "coordinates": [ [ [ -96.72097, 40.857832 ], [ -96.716086, 40.862207 ], [ -96.713168, 40.855151 ], [ -96.712241, 40.850757 ], [ -96.712081, 40.842967 ], [ -96.71214, 40.833683 ], [ -96.720401, 40.831928 ], [ -96.720356, 40.839414 ], [ -96.720335, 40.842825 ], [ -96.720225, 40.843207 ], [ -96.720338, 40.843387 ], [ -96.720167, 40.843523 ], [ -96.720332, 40.84406 ], [ -96.720311, 40.848449 ], [ -96.720264, 40.856626 ], [ -96.719805, 40.857149 ], [ -96.72097, 40.857832 ] ] ] } },
{ "type": "Feature", "properties": { "GEOID": "31109000700", "NAME": "Census Tract 7; Lancaster County; Nebraska", "total_popE": 2521.0, "total_popM": 350.0, "incomeE": 35530.0, "incomeM": 11799.0, "whiteE": 1144.0, "whiteM": 308.0, "blackE": 178.0, "blackM": 151.0, "nativeE": 3.0, "nativeM": 10.0, "asianE": 937.0, "asianM": 270.0, "PIE": 0.0, "PIM": 10.0, "HispE": 182.0, "HispM": 93.0, "summary_est": 2521.0, "summary_moe": 350.0, "Wpercent": 45.378817929393101, "Bpercent": 7.060690202300675, "Npercent": 0.11900039666798889, "Apercent": 37.167790559301864, "PIpercent": 0.0, "Hpercent": 7.2193573978579924 }, "geometry": { "type": "Polygon", "coordinates": [ [ [ -96.695313, 40.824486 ], [ -96.687025, 40.824408 ], [ -96.685833, 40.823512 ], [ -96.682335, 40.823517 ], [ -96.682376, 40.820704 ], [ -96.68239, 40.817094 ], [ -96.682391, 40.816861 ], [ -96.682396, 40.815759 ], [ -96.69385, 40.815809 ], [ -96.692282, 40.818694 ], [ -96.692585, 40.820764 ], [ -96.693245, 40.821627 ], [ -96.696075, 40.823627 ], [ -96.695313, 40.824486 ] ] ] } },
{ "type": "Feature", "properties": { "GEOID": "31109003500", "NAME": "Census Tract 35; Lancaster County; Nebraska", "total_popE": 60.0, "total_popM": 56.0, "incomeE": null, "incomeM": null, "whiteE": 57.0, "whiteM": 49.0, "blackE": 1.0, "blackM": 6.0, "nativeE": 0.0, "nativeM": 10.0, "asianE": 0.0, "asianM": 10.0, "PIE": 0.0, "PIM": 10.0, "HispE": 1.0, "HispM": 6.0, "summary_est": 60.0, "summary_moe": 56.0, "Wpercent": 95.0, "Bpercent": 1.6666666666666667, "Npercent": 0.0, "Apercent": 0.0, "PIpercent": 0.0, "Hpercent": 1.6666666666666667 }, "geometry": { "type": "Polygon", "coordinates": [ [ [ -96.739818, 40.784496 ], [ -96.739816, 40.78458 ], [ -96.73872, 40.784628 ], [ -96.738015, 40.784766 ], [ -96.735756, 40.785532 ], [ -96.730335, 40.787463 ], [ -96.72756, 40.784571 ], [ -96.73026, 40.78456 ], [ -96.73032, 40.777551 ], [ -96.733954, 40.777587 ], [ -96.73584, 40.777607 ], [ -96.739868, 40.777649 ], [ -96.739818, 40.784496 ] ] ] } },
{ "type": "Feature", "properties": { "GEOID": "31109003724", "NAME": "Census Tract 37.24; Lancaster County; Nebraska", "total_popE": 3743.0, "total_popM": 302.0, "incomeE": 88333.0, "incomeM": 37899.0, "whiteE": 3407.0, "whiteM": 365.0, "blackE": 10.0, "blackM": 18.0, "nativeE": 0.0, "nativeM": 10.0, "asianE": 73.0, "asianM": 79.0, "PIE": 0.0, "PIM": 10.0, "HispE": 54.0, "HispM": 60.0, "summary_est": 3743.0, "summary_moe": 302.0, "Wpercent": 91.023243387656962, "Bpercent": 0.26716537536735235, "Npercent": 0.0, "Apercent": 1.9503072401816726, "PIpercent": 0.0, "Hpercent": 1.4426930269837028 }, "geometry": { "type": "Polygon", "coordinates": [ [ [ -96.625284, 40.758792 ], [ -96.625279, 40.761234 ], [ -96.625272, 40.769612 ], [ -96.625272, 40.769693 ], [ -96.618658, 40.76968 ], [ -96.606156, 40.769739 ], [ -96.606104, 40.755248 ], [ -96.612538, 40.755253 ], [ -96.616339, 40.755256 ], [ -96.625292, 40.755264 ], [ -96.625284, 40.758792 ] ] ] } },
{ "type": "Feature", "properties": { "GEOID": "31109001001", "NAME": "Census Tract 10.01; Lancaster County; Nebraska", "total_popE": 3320.0, "total_popM": 475.0, "incomeE": 63750.0, "incomeM": 26050.0, "whiteE": 2809.0, "whiteM": 385.0, "blackE": 134.0, "blackM": 120.0, "nativeE": 1.0, "nativeM": 3.0, "asianE": 84.0, "asianM": 66.0, "PIE": 0.0, "PIM": 10.0, "HispE": 155.0, "HispM": 89.0, "summary_est": 3320.0, "summary_moe": 475.0, "Wpercent": 84.608433734939752, "Bpercent": 4.0361445783132526, "Npercent": 0.030120481927710847, "Apercent": 2.5301204819277108, "PIpercent": 0.0, "Hpercent": 4.6686746987951802 }, "geometry": { "type": "Polygon", "coordinates": [ [ [ -96.653642, 40.835299 ], [ -96.644134, 40.835286 ], [ -96.630432, 40.835202 ], [ -96.630384, 40.835202 ], [ -96.630412, 40.832104 ], [ -96.630448, 40.827933 ], [ -96.643933, 40.828018 ], [ -96.644136, 40.828019 ], [ -96.653725, 40.827957 ], [ -96.653642, 40.835299 ] ] ] } },
{ "type": "Feature", "properties": { "GEOID": "31109003719", "NAME": "Census Tract 37.19; Lancaster County; Nebraska", "total_popE": 5513.0, "total_popM": 431.0, "incomeE": 112805.0, "incomeM": 13415.0, "whiteE": 4878.0, "whiteM": 414.0, "blackE": 0.0, "blackM": 15.0, "nativeE": 0.0, "nativeM": 15.0, "asianE": 257.0, "asianM": 190.0, "PIE": 0.0, "PIM": 15.0, "HispE": 250.0, "HispM": 151.0, "summary_est": 5513.0, "summary_moe": 431.0, "Wpercent": 88.481770360965001, "Bpercent": 0.0, "Npercent": 0.0, "Apercent": 4.6617086885543255, "PIpercent": 0.0, "Hpercent": 4.5347360783602397 }, "geometry": { "type": "Polygon", "coordinates": [ [ [ -96.60655, 40.735992 ], [ -96.606076, 40.736919 ], [ -96.606119, 40.741499 ], [ -96.606104, 40.755248 ], [ -96.603159, 40.755244 ], [ -96.588113, 40.755315 ], [ -96.587068, 40.755343 ], [ -96.587068, 40.755191 ], [ -96.586895, 40.755191 ], [ -96.567944, 40.755123 ], [ -96.568002, 40.740638 ], [ -96.567792, 40.733405 ], [ -96.567783, 40.72949 ], [ -96.56777, 40.729372 ], [ -96.56779, 40.72617 ], [ -96.567899, 40.704448 ], [ -96.567787, 40.697209 ], [ -96.568664, 40.69721 ], [ -96.572059, 40.697215 ], [ -96.606282, 40.697279 ], [ -96.606145, 40.711789 ], [ -96.606147, 40.713545 ], [ -96.606151, 40.715429 ], [ -96.606158, 40.719084 ], [ -96.606171, 40.72632 ], [ -96.606019, 40.733512 ], [ -96.606835, 40.734705 ], [ -96.60655, 40.735992 ] ] ] } },
{ "type": "Feature", "properties": { "GEOID": "31109003704", "NAME": "Census Tract 37.04; Lancaster County; Nebraska", "total_popE": 5474.0, "total_popM": 974.0, "incomeE": 55566.0, "incomeM": 9118.0, "whiteE": 4332.0, "whiteM": 943.0, "blackE": 381.0, "blackM": 325.0, "nativeE": 21.0, "nativeM": 24.0, "asianE": 101.0, "asianM": 85.0, "PIE": 0.0, "PIM": 15.0, "HispE": 327.0, "HispM": 227.0, "summary_est": 5474.0, "summary_moe": 974.0, "Wpercent": 79.137742053343075, "Bpercent": 6.9601753744976254, "Npercent": 0.38363171355498721, "Apercent": 1.8450858604311289, "PIpercent": 0.0, "Hpercent": 5.9736938253562295 }, "geometry": { "type": "Polygon", "coordinates": [ [ [ -96.682822, 40.768125 ], [ -96.672874, 40.76709 ], [ -96.669677, 40.76661 ], [ -96.667619, 40.765672 ], [ -96.663304, 40.762134 ], [ -96.662813, 40.761836 ], [ -96.653717, 40.758932 ], [ -96.645949, 40.756367 ], [ -96.644432, 40.754756 ], [ -96.644432, 40.754723 ], [ -96.646231, 40.755279 ], [ -96.6496, 40.755313 ], [ -96.652198, 40.755327 ], [ -96.656845, 40.755358 ], [ -96.663368, 40.755366 ], [ -96.676996, 40.755431 ], [ -96.677218, 40.755433 ], [ -96.682566, 40.755482 ], [ -96.68252, 40.763938 ], [ -96.682546, 40.76726 ], [ -96.682759, 40.767945 ], [ -96.682822, 40.768125 ] ] ] } },
{ "type": "Feature", "properties": { "GEOID": "31109003401", "NAME": "Census Tract 34.01; Lancaster County; Nebraska", "total_popE": 6339.0, "total_popM": 524.0, "incomeE": 87378.0, "incomeM": 13552.0, "whiteE": 4177.0, "whiteM": 512.0, "blackE": 530.0, "blackM": 196.0, "nativeE": 37.0, "nativeM": 36.0, "asianE": 308.0, "asianM": 209.0, "PIE": 132.0, "PIM": 130.0, "HispE": 792.0, "HispM": 278.0, "summary_est": 6339.0, "summary_moe": 524.0, "Wpercent": 65.893674081085337, "Bpercent": 8.3609402113898081, "Npercent": 0.58368827890834518, "Apercent": 4.8588105379397382, "PIpercent": 2.0823473734027447, "Hpercent": 12.49408424041647 }, "geometry": { "type": "Polygon", "coordinates": [ [ [ -96.796422, 40.790496 ], [ -96.792583, 40.799185 ], [ -96.790872, 40.80223 ], [ -96.78799, 40.804837 ], [ -96.784507, 40.806586 ], [ -96.778701, 40.807867 ], [ -96.774306, 40.808772 ], [ -96.757775, 40.809538 ], [ -96.753283, 40.809953 ], [ -96.750029, 40.805133 ], [ -96.749383, 40.804516 ], [ -96.748038, 40.803708 ], [ -96.744743, 40.802668 ], [ -96.748435, 40.801014 ], [ -96.748885, 40.800651 ], [ -96.749368, 40.79923 ], [ -96.74936, 40.791901 ], [ -96.749352, 40.786549 ], [ -96.749349, 40.784597 ], [ -96.750578, 40.784598 ], [ -96.758837, 40.784607 ], [ -96.768445, 40.784626 ], [ -96.778027, 40.784639 ], [ -96.79655, 40.784667 ], [ -96.796422, 40.790496 ] ] ] } },
{ "type": "Feature", "properties": { "GEOID": "31109001301", "NAME": "Census Tract 13.01; Lancaster County; Nebraska", "total_popE": 3632.0, "total_popM": 440.0, "incomeE": 76935.0, "incomeM": 5940.0, "whiteE": 3368.0, "whiteM": 453.0, "blackE": 42.0, "blackM": 43.0, "nativeE": 24.0, "nativeM": 26.0, "asianE": 23.0, "asianM": 22.0, "PIE": 0.0, "PIM": 10.0, "HispE": 114.0, "HispM": 82.0, "summary_est": 3632.0, "summary_moe": 440.0, "Wpercent": 92.731277533039645, "Bpercent": 1.1563876651982379, "Npercent": 0.66079295154185025, "Apercent": 0.63325991189427311, "PIpercent": 0.0, "Hpercent": 3.1387665198237888 }, "geometry": { "type": "Polygon", "coordinates": [ [ [ -96.644145, 40.806186 ], [ -96.64225, 40.809806 ], [ -96.641825, 40.813475 ], [ -96.630545, 40.813421 ], [ -96.625146, 40.813393 ], [ -96.625206, 40.806093 ], [ -96.62514, 40.798779 ], [ -96.631664, 40.798948 ], [ -96.634598, 40.799 ], [ -96.636389, 40.798985 ], [ -96.644139, 40.798919 ], [ -96.644145, 40.806186 ] ] ] } },
{ "type": "Feature", "properties": { "GEOID": "31109001400", "NAME": "Census Tract 14; Lancaster County; Nebraska", "total_popE": 4408.0, "total_popM": 583.0, "incomeE": 60490.0, "incomeM": 17099.0, "whiteE": 3804.0, "whiteM": 605.0, "blackE": 55.0, "blackM": 53.0, "nativeE": 0.0, "nativeM": 10.0, "asianE": 0.0, "asianM": 10.0, "PIE": 0.0, "PIM": 10.0, "HispE": 342.0, "HispM": 271.0, "summary_est": 4408.0, "summary_moe": 583.0, "Wpercent": 86.297640653357533, "Bpercent": 1.2477313974591651, "Npercent": 0.0, "Apercent": 0.0, "PIpercent": 0.0, "Hpercent": 7.7586206896551726 }, "geometry": { "type": "Polygon", "coordinates": [ [ [ -96.663319, 40.813535 ], [ -96.653628, 40.813528 ], [ -96.648828, 40.81351 ], [ -96.641825, 40.813475 ], [ -96.64225, 40.809806 ], [ -96.644145, 40.806186 ], [ -96.644139, 40.798919 ], [ -96.653666, 40.798932 ], [ -96.663282, 40.798943 ], [ -96.663267, 40.802564 ], [ -96.663253, 40.80619 ], [ -96.663319, 40.813535 ] ] ] } },
{ "type": "Feature", "properties": { "GEOID": "31109001700", "NAME": "Census Tract 17; Lancaster County; Nebraska", "total_popE": 4618.0, "total_popM": 511.0, "incomeE": 38204.0, "incomeM": 7994.0, "whiteE": 2833.0, "whiteM": 329.0, "blackE": 300.0, "blackM": 170.0, "nativeE": 0.0, "nativeM": 10.0, "asianE": 397.0, "asianM": 128.0, "PIE": 0.0, "PIM": 10.0, "HispE": 681.0, "HispM": 336.0, "summary_est": 4618.0, "summary_moe": 511.0, "Wpercent": 61.346903421394536, "Bpercent": 6.4963187527067996, "Npercent": 0.0, "Apercent": 8.5967951494153318, "PIpercent": 0.0, "Hpercent": 14.746643568644435 }, "geometry": { "type": "Polygon", "coordinates": [ [ [ -96.696805, 40.803629 ], [ -96.696788, 40.805821 ], [ -96.696769, 40.809176 ], [ -96.690663, 40.809158 ], [ -96.688949, 40.809007 ], [ -96.687831, 40.808073 ], [ -96.687255, 40.806397 ], [ -96.686434, 40.805575 ], [ -96.683465, 40.802909 ], [ -96.682258, 40.802424 ], [ -96.680079, 40.802009 ], [ -96.675385, 40.798839 ], [ -96.676283, 40.798814 ], [ -96.67661, 40.798853 ], [ -96.677802, 40.79898 ], [ -96.682352, 40.798943 ], [ -96.682491, 40.798943 ], [ -96.689279, 40.798962 ], [ -96.691778, 40.798989 ], [ -96.692364, 40.79913 ], [ -96.696654, 40.799135 ], [ -96.69684, 40.799179 ], [ -96.696805, 40.803629 ] ] ] } },
{ "type": "Feature", "properties": { "GEOID": "31109002701", "NAME": "Census Tract 27.01; Lancaster County; Nebraska", "total_popE": 3037.0, "total_popM": 366.0, "incomeE": 49250.0, "incomeM": 9520.0, "whiteE": 2034.0, "whiteM": 319.0, "blackE": 177.0, "blackM": 157.0, "nativeE": 0.0, "nativeM": 10.0, "asianE": 98.0, "asianM": 63.0, "PIE": 7.0, "PIM": 15.0, "HispE": 440.0, "HispM": 148.0, "summary_est": 3037.0, "summary_moe": 366.0, "Wpercent": 66.97398748765228, "Bpercent": 5.8281198551201845, "Npercent": 0.0, "Apercent": 3.2268686203490287, "PIpercent": 0.23049061573921634, "Hpercent": 14.48798156075074 }, "geometry": { "type": "Polygon", "coordinates": [ [ [ -96.66334, 40.773476 ], [ -96.66332, 40.777099 ], [ -96.654027, 40.777046 ], [ -96.644341, 40.776989 ], [ -96.64434, 40.772853 ], [ -96.644371, 40.769725 ], [ -96.653925, 40.769765 ], [ -96.655473, 40.769773 ], [ -96.657969, 40.769785 ], [ -96.66336, 40.769809 ], [ -96.66334, 40.773476 ] ] ] } },
{ "type": "Feature", "properties": { "GEOID": "31109003608", "NAME": "Census Tract 36.08; Lancaster County; Nebraska", "total_popE": 1303.0, "total_popM": 141.0, "incomeE": 77269.0, "incomeM": 12866.0, "whiteE": 1167.0, "whiteM": 105.0, "blackE": 0.0, "blackM": 10.0, "nativeE": 0.0, "nativeM": 10.0, "asianE": 76.0, "asianM": 77.0, "PIE": 0.0, "PIM": 10.0, "HispE": 35.0, "HispM": 36.0, "summary_est": 1303.0, "summary_moe": 141.0, "Wpercent": 89.562547966231776, "Bpercent": 0.0, "Npercent": 0.0, "Apercent": 5.8326937835763619, "PIpercent": 0.0, "Hpercent": 2.6861089792785879 }, "geometry": { "type": "Polygon", "coordinates": [ [ [ -96.720555, 40.736764 ], [ -96.720177, 40.741185 ], [ -96.720485, 40.74603 ], [ -96.72031, 40.74612 ], [ -96.703746, 40.755055 ], [ -96.703053, 40.755671 ], [ -96.70168, 40.755672 ], [ -96.701544, 40.738504 ], [ -96.701532, 40.733757 ], [ -96.701508, 40.728138 ], [ -96.701507, 40.72792 ], [ -96.701501, 40.726478 ], [ -96.71752, 40.726515 ], [ -96.720514, 40.726378 ], [ -96.720518, 40.727345 ], [ -96.720524, 40.728778 ], [ -96.720555, 40.736764 ] ] ] } },
{ "type": "Feature", "properties": { "GEOID": "31109003709", "NAME": "Census Tract 37.09; Lancaster County; Nebraska", "total_popE": 5017.0, "total_popM": 444.0, "incomeE": 94940.0, "incomeM": 4787.0, "whiteE": 4355.0, "whiteM": 428.0, "blackE": 241.0, "blackM": 173.0, "nativeE": 36.0, "nativeM": 41.0, "asianE": 66.0, "asianM": 66.0, "PIE": 0.0, "PIM": 15.0, "HispE": 175.0, "HispM": 117.0, "summary_est": 5017.0, "summary_moe": 444.0, "Wpercent": 86.804863464221654, "Bpercent": 4.803667530396651, "Npercent": 0.71756029499701013, "Apercent": 1.3155272074945186, "PIpercent": 0.0, "Hpercent": 3.4881403229021326 }, "geometry": { "type": "Polygon", "coordinates": [ [ [ -96.663395, 40.74658 ], [ -96.663383, 40.750026 ], [ -96.663369, 40.755267 ], [ -96.663368, 40.755366 ], [ -96.656845, 40.755358 ], [ -96.652198, 40.755327 ], [ -96.6496, 40.755313 ], [ -96.646231, 40.755279 ], [ -96.644432, 40.754723 ], [ -96.644331, 40.748458 ], [ -96.644336, 40.740836 ], [ -96.652703, 40.740828 ], [ -96.663422, 40.740815 ], [ -96.663395, 40.74658 ] ] ] } },
{ "type": "Feature", "properties": { "GEOID": "31109003604", "NAME": "Census Tract 36.04; Lancaster County; Nebraska", "total_popE": 3560.0, "total_popM": 311.0, "incomeE": 125278.0, "incomeM": 21604.0, "whiteE": 3115.0, "whiteM": 347.0, "blackE": 0.0, "blackM": 10.0, "nativeE": 19.0, "nativeM": 29.0, "asianE": 204.0, "asianM": 173.0, "PIE": 0.0, "PIM": 10.0, "HispE": 110.0, "HispM": 80.0, "summary_est": 3560.0, "summary_moe": 311.0, "Wpercent": 87.5, "Bpercent": 0.0, "Npercent": 0.5337078651685393, "Apercent": 5.7303370786516847, "PIpercent": 0.0, "Hpercent": 3.089887640449438 }, "geometry": { "type": "Polygon", "coordinates": [ [ [ -96.796794, 40.716924 ], [ -96.796793, 40.726632 ], [ -96.796726, 40.741128 ], [ -96.79655, 40.784667 ], [ -96.778027, 40.784639 ], [ -96.768445, 40.784626 ], [ -96.758837, 40.784607 ], [ -96.750578, 40.784598 ], [ -96.749349, 40.784597 ], [ -96.739816, 40.78458 ], [ -96.739818, 40.784496 ], [ -96.739868, 40.777649 ], [ -96.73584, 40.777607 ], [ -96.733954, 40.777587 ], [ -96.73032, 40.777551 ], [ -96.73026, 40.78456 ], [ -96.72756, 40.784571 ], [ -96.730335, 40.787463 ], [ -96.72771, 40.788132 ], [ -96.72512, 40.788146 ], [ -96.723999, 40.787959 ], [ -96.715492, 40.785456 ], [ -96.714909, 40.784498 ], [ -96.709928, 40.78104 ], [ -96.705107, 40.774658 ], [ -96.705027, 40.77456 ], [ -96.706774, 40.773458 ], [ -96.707691, 40.771188 ], [ -96.708721, 40.77046 ], [ -96.713436, 40.770179 ], [ -96.713995, 40.77018 ], [ -96.720806, 40.770184 ], [ -96.72075, 40.755616 ], [ -96.722097, 40.755635 ], [ -96.721184, 40.748346 ], [ -96.720492, 40.746483 ], [ -96.72031, 40.74612 ], [ -96.720485, 40.74603 ], [ -96.720177, 40.741185 ], [ -96.720555, 40.736764 ], [ -96.720524, 40.728778 ], [ -96.720518, 40.727345 ], [ -96.720514, 40.726378 ], [ -96.71752, 40.726515 ], [ -96.701501, 40.726478 ], [ -96.701507, 40.72792 ], [ -96.701508, 40.728138 ], [ -96.698326, 40.726651 ], [ -96.697987, 40.726529 ], [ -96.682519, 40.726403 ], [ -96.682509, 40.711876 ], [ -96.682505, 40.704635 ], [ -96.682496, 40.701684 ], [ -96.680986, 40.697691 ], [ -96.680972, 40.697376 ], [ -96.681469, 40.697377 ], [ -96.682335, 40.697377 ], [ -96.688173, 40.697383 ], [ -96.688484, 40.697384 ], [ -96.69021, 40.697386 ], [ -96.6999, 40.697397 ], [ -96.753864, 40.697528 ], [ -96.756246, 40.697535 ], [ -96.76111, 40.697548 ], [ -96.763504, 40.697554 ], [ -96.793793, 40.697634 ], [ -96.795673, 40.69764 ], [ -96.796855, 40.697643 ], [ -96.796794, 40.716924 ] ] ] } },
{ "type": "Feature", "properties": { "GEOID": "31109010300", "NAME": "Census Tract 103; Lancaster County; Nebraska", "total_popE": 4561.0, "total_popM": 555.0, "incomeE": 109934.0, "incomeM": 12453.0, "whiteE": 4283.0, "whiteM": 545.0, "blackE": 0.0, "blackM": 10.0, "nativeE": 18.0, "nativeM": 26.0, "asianE": 7.0, "asianM": 15.0, "PIE": 0.0, "PIM": 10.0, "HispE": 47.0, "HispM": 29.0, "summary_est": 4561.0, "summary_moe": 555.0, "Wpercent": 93.904845428634076, "Bpercent": 0.0, "Npercent": 0.39465029598772194, "Apercent": 0.15347511510633632, "PIpercent": 0.0, "Hpercent": 1.0304757728568297 }, "geometry": { "type": "Polygon", "coordinates": [ [ [ -96.91393, 40.625248 ], [ -96.913714, 40.658732 ], [ -96.913493, 40.697948 ], [ -96.911116, 40.697975 ], [ -96.910928, 40.741469 ], [ -96.910872, 40.755955 ], [ -96.910845, 40.763181 ], [ -96.910751, 40.784944 ], [ -96.863443, 40.784859 ], [ -96.853897, 40.784843 ], [ -96.84441, 40.784803 ], [ -96.834794, 40.784761 ], [ -96.824514, 40.784735 ], [ -96.79655, 40.784667 ], [ -96.796726, 40.741128 ], [ -96.796793, 40.726632 ], [ -96.796794, 40.716924 ], [ -96.796855, 40.697643 ], [ -96.795673, 40.69764 ], [ -96.793793, 40.697634 ], [ -96.763504, 40.697554 ], [ -96.76111, 40.697548 ], [ -96.756246, 40.697535 ], [ -96.753864, 40.697528 ], [ -96.6999, 40.697397 ], [ -96.69021, 40.697386 ], [ -96.690247, 40.695715 ], [ -96.690292, 40.693767 ], [ -96.690599, 40.679282 ], [ -96.685974, 40.679218 ], [ -96.685796, 40.679215 ], [ -96.686911, 40.610299 ], [ -96.686259, 40.581308 ], [ -96.684932, 40.523296 ], [ -96.760922, 40.523074 ], [ -96.798389, 40.523076 ], [ -96.836365, 40.523199 ], [ -96.888634, 40.52351 ], [ -96.89339, 40.523543 ], [ -96.898147, 40.523563 ], [ -96.902895, 40.523583 ], [ -96.912637, 40.523625 ], [ -96.912431, 40.538118 ], [ -96.912226, 40.559957 ], [ -96.912225, 40.560044 ], [ -96.912206, 40.567179 ], [ -96.913399, 40.596208 ], [ -96.913918, 40.610728 ], [ -96.91393, 40.625248 ] ] ] } },
{ "type": "Feature", "properties": { "GEOID": "31109000202", "NAME": "Census Tract 2.02; Lancaster County; Nebraska", "total_popE": 3836.0, "total_popM": 373.0, "incomeE": 42623.0, "incomeM": 12710.0, "whiteE": 2964.0, "whiteM": 332.0, "blackE": 101.0, "blackM": 73.0, "nativeE": 34.0, "nativeM": 38.0, "asianE": 226.0, "asianM": 203.0, "PIE": 0.0, "PIM": 10.0, "HispE": 376.0, "HispM": 146.0, "summary_est": 3836.0, "summary_moe": 373.0, "Wpercent": 77.267987486965581, "Bpercent": 2.6329509906152242, "Npercent": 0.88633993743482786, "Apercent": 5.89155370177268, "PIpercent": 0.0, "Hpercent": 9.801876955161628 }, "geometry": { "type": "Polygon", "coordinates": [ [ [ -96.653656, 40.838292 ], [ -96.653607, 40.841288 ], [ -96.653646, 40.846216 ], [ -96.653623, 40.851024 ], [ -96.652347, 40.851187 ], [ -96.645275, 40.851264 ], [ -96.644122, 40.851489 ], [ -96.644122, 40.851266 ], [ -96.644128, 40.8462 ], [ -96.644131, 40.842564 ], [ -96.644132, 40.84128 ], [ -96.644134, 40.835286 ], [ -96.653642, 40.835299 ], [ -96.653656, 40.838292 ] ] ] } },
{ "type": "Feature", "properties": { "GEOID": "31109000400", "NAME": "Census Tract 4; Lancaster County; Nebraska", "total_popE": 5891.0, "total_popM": 737.0, "incomeE": 46991.0, "incomeM": 13453.0, "whiteE": 3034.0, "whiteM": 485.0, "blackE": 397.0, "blackM": 180.0, "nativeE": 36.0, "nativeM": 34.0, "asianE": 451.0, "asianM": 251.0, "PIE": 0.0, "PIM": 15.0, "HispE": 1179.0, "HispM": 485.0, "summary_est": 5891.0, "summary_moe": 737.0, "Wpercent": 51.502291631301986, "Bpercent": 6.7390935325072148, "Npercent": 0.61110168052962144, "Apercent": 7.6557460533016473, "PIpercent": 0.0, "Hpercent": 20.0135800373451 }, "geometry": { "type": "Polygon", "coordinates": [ [ [ -96.698992, 40.827268 ], [ -96.696521, 40.828572 ], [ -96.682222, 40.836087 ], [ -96.672808, 40.841021 ], [ -96.67281, 40.838289 ], [ -96.67281, 40.837338 ], [ -96.672836, 40.831654 ], [ -96.672861, 40.828021 ], [ -96.672859, 40.827112 ], [ -96.672851, 40.823034 ], [ -96.677705, 40.823472 ], [ -96.678419, 40.823451 ], [ -96.682335, 40.823517 ], [ -96.685833, 40.823512 ], [ -96.687025, 40.824408 ], [ -96.695313, 40.824486 ], [ -96.696075, 40.823627 ], [ -96.697325, 40.82475 ], [ -96.698126, 40.825944 ], [ -96.698992, 40.827268 ] ] ] } },
{ "type": "Feature", "properties": { "GEOID": "31109000300", "NAME": "Census Tract 3; Lancaster County; Nebraska", "total_popE": 4113.0, "total_popM": 675.0, "incomeE": 47053.0, "incomeM": 6724.0, "whiteE": 3018.0, "whiteM": 712.0, "blackE": 129.0, "blackM": 122.0, "nativeE": 9.0, "nativeM": 15.0, "asianE": 220.0, "asianM": 136.0, "PIE": 0.0, "PIM": 10.0, "HispE": 468.0, "HispM": 300.0, "summary_est": 4113.0, "summary_moe": 675.0, "Wpercent": 73.377097009482128, "Bpercent": 3.1363967906637495, "Npercent": 0.21881838074398249, "Apercent": 5.3488937515195722, "PIpercent": 0.0, "Hpercent": 11.37855579868709 }, "geometry": { "type": "Polygon", "coordinates": [ [ [ -96.67281, 40.838289 ], [ -96.672808, 40.841021 ], [ -96.658874, 40.84839 ], [ -96.653622, 40.85112 ], [ -96.653623, 40.851024 ], [ -96.653646, 40.846216 ], [ -96.653607, 40.841288 ], [ -96.653656, 40.838292 ], [ -96.653642, 40.835299 ], [ -96.657034, 40.835449 ], [ -96.658862, 40.836341 ], [ -96.660602, 40.837232 ], [ -96.67281, 40.837338 ], [ -96.67281, 40.838289 ] ] ] } },
{ "type": "Feature", "properties": { "GEOID": "31109000900", "NAME": "Census Tract 9; Lancaster County; Nebraska", "total_popE": 3270.0, "total_popM": 453.0, "incomeE": 45000.0, "incomeM": 11046.0, "whiteE": 2647.0, "whiteM": 364.0, "blackE": 241.0, "blackM": 259.0, "nativeE": 0.0, "nativeM": 10.0, "asianE": 82.0, "asianM": 58.0, "PIE": 0.0, "PIM": 10.0, "HispE": 215.0, "HispM": 127.0, "summary_est": 3270.0, "summary_moe": 453.0, "Wpercent": 80.948012232415905, "Bpercent": 7.3700305810397548, "Npercent": 0.0, "Apercent": 2.5076452599388377, "PIpercent": 0.0, "Hpercent": 6.5749235474006111 }, "geometry": { "type": "Polygon", "coordinates": [ [ [ -96.672861, 40.828021 ], [ -96.672836, 40.831654 ], [ -96.67281, 40.837338 ], [ -96.660602, 40.837232 ], [ -96.658862, 40.836341 ], [ -96.657034, 40.835449 ], [ -96.653642, 40.835299 ], [ -96.653725, 40.827957 ], [ -96.653663, 40.820804 ], [ -96.653663, 40.820699 ], [ -96.653628, 40.813528 ], [ -96.663319, 40.813535 ], [ -96.669481, 40.813542 ], [ -96.670192, 40.814515 ], [ -96.668872, 40.815531 ], [ -96.668881, 40.820789 ], [ -96.670203, 40.820786 ], [ -96.670208, 40.823109 ], [ -96.672851, 40.823034 ], [ -96.672859, 40.827112 ], [ -96.672861, 40.828021 ] ] ] } },
{ "type": "Feature", "properties": { "GEOID": "31109003714", "NAME": "Census Tract 37.14; Lancaster County; Nebraska", "total_popE": 5354.0, "total_popM": 659.0, "incomeE": 135553.0, "incomeM": 11753.0, "whiteE": 4973.0, "whiteM": 671.0, "blackE": 35.0, "blackM": 32.0, "nativeE": 9.0, "nativeM": 15.0, "asianE": 146.0, "asianM": 132.0, "PIE": 0.0, "PIM": 15.0, "HispE": 119.0, "HispM": 110.0, "summary_est": 5354.0, "summary_moe": 659.0, "Wpercent": 92.88382517743743, "Bpercent": 0.65371684721703394, "Npercent": 0.16809861785580874, "Apercent": 2.7269331341053418, "PIpercent": 0.0, "Hpercent": 2.2226372805379158 }, "geometry": { "type": "Polygon", "coordinates": [ [ [ -96.644572, 40.727407 ], [ -96.644367, 40.727408 ], [ -96.644336, 40.740836 ], [ -96.644331, 40.748458 ], [ -96.644432, 40.754723 ], [ -96.644432, 40.754756 ], [ -96.644385, 40.756362 ], [ -96.644251, 40.75632 ], [ -96.640513, 40.754436 ], [ -96.61777, 40.742161 ], [ -96.60655, 40.735992 ], [ -96.606835, 40.734705 ], [ -96.606019, 40.733512 ], [ -96.606171, 40.72632 ], [ -96.612616, 40.726332 ], [ -96.615852, 40.726506 ], [ -96.625461, 40.726493 ], [ -96.625642, 40.726356 ], [ -96.628781, 40.726351 ], [ -96.629539, 40.726111 ], [ -96.634887, 40.726101 ], [ -96.636505, 40.726141 ], [ -96.637695, 40.726174 ], [ -96.644369, 40.726328 ], [ -96.644605, 40.726328 ], [ -96.644572, 40.727407 ] ] ] } },
{ "type": "Feature", "properties": { "GEOID": "31109010402", "NAME": "Census Tract 104.02; Lancaster County; Nebraska", "total_popE": 5265.0, "total_popM": 673.0, "incomeE": 100063.0, "incomeM": 17898.0, "whiteE": 4991.0, "whiteM": 674.0, "blackE": 6.0, "blackM": 9.0, "nativeE": 64.0, "nativeM": 71.0, "asianE": 38.0, "asianM": 31.0, "PIE": 0.0, "PIM": 15.0, "HispE": 76.0, "HispM": 62.0, "summary_est": 5265.0, "summary_moe": 673.0, "Wpercent": 94.795821462488135, "Bpercent": 0.11396011396011395, "Npercent": 1.2155745489078822, "Apercent": 0.72174738841405506, "PIpercent": 0.0, "Hpercent": 1.4434947768281101 }, "geometry": { "type": "Polygon", "coordinates": [ [ [ -96.686259, 40.581308 ], [ -96.591804, 40.581675 ], [ -96.591914, 40.596147 ], [ -96.591161, 40.610991 ], [ -96.591221, 40.618235 ], [ -96.572531, 40.618218 ], [ -96.57241, 40.639942 ], [ -96.572356, 40.64717 ], [ -96.572505, 40.668799 ], [ -96.57231, 40.676044 ], [ -96.5723, 40.683287 ], [ -96.572295, 40.684445 ], [ -96.572059, 40.697215 ], [ -96.568664, 40.69721 ], [ -96.567787, 40.697209 ], [ -96.567899, 40.704448 ], [ -96.56779, 40.72617 ], [ -96.56777, 40.729372 ], [ -96.567783, 40.72949 ], [ -96.567792, 40.733405 ], [ -96.568002, 40.740638 ], [ -96.567944, 40.755123 ], [ -96.56785, 40.780132 ], [ -96.567835, 40.784112 ], [ -96.558956, 40.784102 ], [ -96.541792, 40.784082 ], [ -96.463764, 40.78396 ], [ -96.463807, 40.754956 ], [ -96.463815, 40.747743 ], [ -96.463821, 40.743452 ], [ -96.463791, 40.704206 ], [ -96.463838, 40.696964 ], [ -96.46384, 40.68247 ], [ -96.463845, 40.653488 ], [ -96.463807, 40.638989 ], [ -96.463795, 40.63174 ], [ -96.463783, 40.624525 ], [ -96.463758, 40.615038 ], [ -96.463745, 40.609996 ], [ -96.463738, 40.606516 ], [ -96.463699, 40.581007 ], [ -96.46368, 40.566507 ], [ -96.463655, 40.562884 ], [ -96.463656, 40.55927 ], [ -96.463667, 40.552005 ], [ -96.463642, 40.544609 ], [ -96.463655, 40.537501 ], [ -96.463644, 40.530273 ], [ -96.463632, 40.523013 ], [ -96.477861, 40.523159 ], [ -96.501774, 40.523392 ], [ -96.572196, 40.523828 ], [ -96.628978, 40.523569 ], [ -96.633443, 40.523529 ], [ -96.657387, 40.523475 ], [ -96.671541, 40.523405 ], [ -96.684932, 40.523296 ], [ -96.686259, 40.581308 ] ] ] } },
{ "type": "Feature", "properties": { "GEOID": "31109003004", "NAME": "Census Tract 30.04; Lancaster County; Nebraska", "total_popE": 3504.0, "total_popM": 636.0, "incomeE": 75189.0, "incomeM": 15096.0, "whiteE": 2593.0, "whiteM": 633.0, "blackE": 308.0, "blackM": 360.0, "nativeE": 54.0, "nativeM": 65.0, "asianE": 321.0, "asianM": 175.0, "PIE": 0.0, "PIM": 10.0, "HispE": 161.0, "HispM": 147.0, "summary_est": 3504.0, "summary_moe": 636.0, "Wpercent": 74.001141552511413, "Bpercent": 8.7899543378995428, "Npercent": 1.5410958904109588, "Apercent": 9.1609589041095898, "PIpercent": 0.0, "Hpercent": 4.5947488584474883 }, "geometry": { "type": "Polygon", "coordinates": [ [ [ -96.701095, 40.870715 ], [ -96.697505, 40.872845 ], [ -96.685559, 40.883921 ], [ -96.682128, 40.88643 ], [ -96.681983, 40.886522 ], [ -96.68187, 40.874649 ], [ -96.68192, 40.865663 ], [ -96.685823, 40.865344 ], [ -96.688262, 40.866138 ], [ -96.689357, 40.866646 ], [ -96.690724, 40.866833 ], [ -96.691971, 40.866859 ], [ -96.696938, 40.867155 ], [ -96.698211, 40.868699 ], [ -96.701086, 40.868201 ], [ -96.701095, 40.870715 ] ] ] } },
{ "type": "Feature", "properties": { "GEOID": "31109010204", "NAME": "Census Tract 102.04; Lancaster County; Nebraska", "total_popE": 5261.0, "total_popM": 550.0, "incomeE": 69208.0, "incomeM": 16124.0, "whiteE": 3269.0, "whiteM": 511.0, "blackE": 165.0, "blackM": 153.0, "nativeE": 12.0, "nativeM": 20.0, "asianE": 676.0, "asianM": 215.0, "PIE": 0.0, "PIM": 15.0, "HispE": 720.0, "HispM": 281.0, "summary_est": 5261.0, "summary_moe": 550.0, "Wpercent": 62.136475955141613, "Bpercent": 3.136285877209656, "Npercent": 0.22809351834252042, "Apercent": 12.849268199961985, "PIpercent": 0.0, "Hpercent": 13.685611100551226 }, "geometry": { "type": "Polygon", "coordinates": [ [ [ -96.720209, 40.871675 ], [ -96.720188, 40.873559 ], [ -96.720169, 40.875354 ], [ -96.720047, 40.886168 ], [ -96.720044, 40.886359 ], [ -96.719893, 40.900716 ], [ -96.700911, 40.900662 ], [ -96.701024, 40.894056 ], [ -96.701035, 40.893434 ], [ -96.69636, 40.893402 ], [ -96.691394, 40.893367 ], [ -96.687616, 40.893341 ], [ -96.682519, 40.893306 ], [ -96.682128, 40.88643 ], [ -96.685559, 40.883921 ], [ -96.697505, 40.872845 ], [ -96.701095, 40.870715 ], [ -96.710665, 40.86565 ], [ -96.716086, 40.862207 ], [ -96.719559, 40.869914 ], [ -96.720899, 40.871169 ], [ -96.720209, 40.871675 ] ] ] } },
{ "type": "Feature", "properties": { "GEOID": "31109003722", "NAME": "Census Tract 37.22; Lancaster County; Nebraska", "total_popE": 1764.0, "total_popM": 299.0, "incomeE": 44730.0, "incomeM": 21599.0, "whiteE": 1588.0, "whiteM": 304.0, "blackE": 0.0, "blackM": 10.0, "nativeE": 1.0, "nativeM": 3.0, "asianE": 64.0, "asianM": 99.0, "PIE": 0.0, "PIM": 10.0, "HispE": 111.0, "HispM": 106.0, "summary_est": 1764.0, "summary_moe": 299.0, "Wpercent": 90.02267573696146, "Bpercent": 0.0, "Npercent": 0.056689342403628121, "Apercent": 3.6281179138321997, "PIpercent": 0.0, "Hpercent": 6.2925170068027212 }, "geometry": { "type": "Polygon", "coordinates": [ [ [ -96.644455, 40.781071 ], [ -96.644101, 40.78385 ], [ -96.644172, 40.788204 ], [ -96.634159, 40.78775 ], [ -96.632753, 40.787194 ], [ -96.629877, 40.784301 ], [ -96.62515, 40.784285 ], [ -96.625222, 40.77715 ], [ -96.625272, 40.769693 ], [ -96.628785, 40.769746 ], [ -96.637154, 40.769711 ], [ -96.644226, 40.76974 ], [ -96.644371, 40.769725 ], [ -96.64434, 40.772853 ], [ -96.644341, 40.776989 ], [ -96.644258, 40.776988 ], [ -96.644455, 40.781071 ] ] ] } },
{ "type": "Feature", "properties": { "GEOID": "31109001302", "NAME": "Census Tract 13.02; Lancaster County; Nebraska", "total_popE": 3150.0, "total_popM": 299.0, "incomeE": 86250.0, "incomeM": 15853.0, "whiteE": 2471.0, "whiteM": 302.0, "blackE": 31.0, "blackM": 30.0, "nativeE": 5.0, "nativeM": 9.0, "asianE": 230.0, "asianM": 177.0, "PIE": 0.0, "PIM": 10.0, "HispE": 314.0, "HispM": 163.0, "summary_est": 3150.0, "summary_moe": 299.0, "Wpercent": 78.444444444444457, "Bpercent": 0.98412698412698418, "Npercent": 0.15873015873015872, "Apercent": 7.3015873015873023, "PIpercent": 0.0, "Hpercent": 9.9682539682539684 }, "geometry": { "type": "Polygon", "coordinates": [ [ [ -96.644161, 40.79163 ], [ -96.644139, 40.798919 ], [ -96.636389, 40.798985 ], [ -96.634598, 40.799 ], [ -96.631664, 40.798948 ], [ -96.62514, 40.798779 ], [ -96.625139, 40.791551 ], [ -96.62515, 40.784285 ], [ -96.629877, 40.784301 ], [ -96.632753, 40.787194 ], [ -96.634159, 40.78775 ], [ -96.644172, 40.788204 ], [ -96.644161, 40.79163 ] ] ] } },
{ "type": "Feature", "properties": { "GEOID": "31109001500", "NAME": "Census Tract 15; Lancaster County; Nebraska", "total_popE": 4573.0, "total_popM": 559.0, "incomeE": 62436.0, "incomeM": 10425.0, "whiteE": 3735.0, "whiteM": 481.0, "blackE": 54.0, "blackM": 66.0, "nativeE": 79.0, "nativeM": 83.0, "asianE": 103.0, "asianM": 75.0, "PIE": 8.0, "PIM": 14.0, "HispE": 279.0, "HispM": 145.0, "summary_est": 4573.0, "summary_moe": 559.0, "Wpercent": 81.67504920183687, "Bpercent": 1.1808440848458341, "Npercent": 1.7275311611633501, "Apercent": 2.2523507544281651, "PIpercent": 0.17493986442160508, "Hpercent": 6.1010277717034764 }, "geometry": { "type": "Polygon", "coordinates": [ [ [ -96.675385, 40.798839 ], [ -96.674546, 40.798974 ], [ -96.67285, 40.798941 ], [ -96.663282, 40.798943 ], [ -96.653666, 40.798932 ], [ -96.644139, 40.798919 ], [ -96.644161, 40.79163 ], [ -96.644172, 40.788204 ], [ -96.644101, 40.78385 ], [ -96.648137, 40.784378 ], [ -96.650072, 40.785906 ], [ -96.653825, 40.787711 ], [ -96.65521, 40.787697 ], [ -96.656725, 40.787192 ], [ -96.660045, 40.787556 ], [ -96.66328, 40.789389 ], [ -96.667692, 40.791663 ], [ -96.668495, 40.79212 ], [ -96.672062, 40.796937 ], [ -96.676283, 40.798814 ], [ -96.675385, 40.798839 ] ] ] } },
{ "type": "Feature", "properties": { "GEOID": "31109001600", "NAME": "Census Tract 16; Lancaster County; Nebraska", "total_popE": 5439.0, "total_popM": 608.0, "incomeE": 66314.0, "incomeM": 6640.0, "whiteE": 4705.0, "whiteM": 525.0, "blackE": 360.0, "blackM": 348.0, "nativeE": 0.0, "nativeM": 15.0, "asianE": 104.0, "asianM": 125.0, "PIE": 0.0, "PIM": 15.0, "HispE": 147.0, "HispM": 81.0, "summary_est": 5439.0, "summary_moe": 608.0, "Wpercent": 86.504872219157932, "Bpercent": 6.6188637617209043, "Npercent": 0.0, "Apercent": 1.9121161978304835, "PIpercent": 0.0, "Hpercent": 2.7027027027027026 }, "geometry": { "type": "Polygon", "coordinates": [ [ [ -96.685994, 40.805976 ], [ -96.68245, 40.806209 ], [ -96.682413, 40.812419 ], [ -96.682407, 40.813471 ], [ -96.682406, 40.813583 ], [ -96.680277, 40.813528 ], [ -96.672782, 40.813537 ], [ -96.669481, 40.813542 ], [ -96.663319, 40.813535 ], [ -96.663253, 40.80619 ], [ -96.663267, 40.802564 ], [ -96.663282, 40.798943 ], [ -96.67285, 40.798941 ], [ -96.674546, 40.798974 ], [ -96.675385, 40.798839 ], [ -96.680079, 40.802009 ], [ -96.682258, 40.802424 ], [ -96.683465, 40.802909 ], [ -96.686434, 40.805575 ], [ -96.685994, 40.805976 ] ] ] } },
{ "type": "Feature", "properties": { "GEOID": "31109002400", "NAME": "Census Tract 24; Lancaster County; Nebraska", "total_popE": 3157.0, "total_popM": 478.0, "incomeE": 139250.0, "incomeM": 22163.0, "whiteE": 2987.0, "whiteM": 467.0, "blackE": 13.0, "blackM": 13.0, "nativeE": 10.0, "nativeM": 15.0, "asianE": 9.0, "asianM": 15.0, "PIE": 0.0, "PIM": 10.0, "HispE": 77.0, "HispM": 74.0, "summary_est": 3157.0, "summary_moe": 478.0, "Wpercent": 94.615140956604364, "Bpercent": 0.41178333861260691, "Npercent": 0.31675641431738993, "Apercent": 0.28508077288565092, "PIpercent": 0.0, "Hpercent": 2.4390243902439024 }, "geometry": { "type": "Polygon", "coordinates": [ [ [ -96.692066, 40.780937 ], [ -96.692058, 40.784456 ], [ -96.691667, 40.784455 ], [ -96.687403, 40.784443 ], [ -96.687396, 40.785349 ], [ -96.687262, 40.788069 ], [ -96.687224, 40.79173 ], [ -96.682537, 40.791716 ], [ -96.682402, 40.791686 ], [ -96.67414, 40.791673 ], [ -96.672831, 40.791671 ], [ -96.672819, 40.786228 ], [ -96.672832, 40.78004 ], [ -96.672844, 40.777121 ], [ -96.675699, 40.777137 ], [ -96.692075, 40.77731 ], [ -96.692066, 40.780937 ] ] ] } },
{ "type": "Feature", "properties": { "GEOID": "31109002500", "NAME": "Census Tract 25; Lancaster County; Nebraska", "total_popE": 5504.0, "total_popM": 563.0, "incomeE": 69487.0, "incomeM": 6683.0, "whiteE": 4950.0, "whiteM": 614.0, "blackE": 121.0, "blackM": 155.0, "nativeE": 0.0, "nativeM": 15.0, "asianE": 34.0, "asianM": 40.0, "PIE": 0.0, "PIM": 15.0, "HispE": 309.0, "HispM": 202.0, "summary_est": 5504.0, "summary_moe": 563.0, "Wpercent": 89.934593023255815, "Bpercent": 2.1984011627906979, "Npercent": 0.0, "Apercent": 0.61773255813953487, "PIpercent": 0.0, "Hpercent": 5.614098837209303 }, "geometry": { "type": "Polygon", "coordinates": [ [ [ -96.67661, 40.798853 ], [ -96.676283, 40.798814 ], [ -96.672062, 40.796937 ], [ -96.668495, 40.79212 ], [ -96.667692, 40.791663 ], [ -96.66328, 40.789389 ], [ -96.660045, 40.787556 ], [ -96.656725, 40.787192 ], [ -96.65521, 40.787697 ], [ -96.653825, 40.787711 ], [ -96.650072, 40.785906 ], [ -96.648137, 40.784378 ], [ -96.644101, 40.78385 ], [ -96.644455, 40.781071 ], [ -96.644258, 40.776988 ], [ -96.644341, 40.776989 ], [ -96.654027, 40.777046 ], [ -96.66332, 40.777099 ], [ -96.672844, 40.777121 ], [ -96.672832, 40.78004 ], [ -96.672819, 40.786228 ], [ -96.672831, 40.791671 ], [ -96.67414, 40.791673 ], [ -96.674492, 40.795296 ], [ -96.676847, 40.796601 ], [ -96.67661, 40.798853 ] ] ] } },
{ "type": "Feature", "properties": { "GEOID": "31109002702", "NAME": "Census Tract 27.02; Lancaster County; Nebraska", "total_popE": 5724.0, "total_popM": 473.0, "incomeE": 80365.0, "incomeM": 17511.0, "whiteE": 4568.0, "whiteM": 364.0, "blackE": 206.0, "blackM": 241.0, "nativeE": 5.0, "nativeM": 9.0, "asianE": 59.0, "asianM": 47.0, "PIE": 0.0, "PIM": 15.0, "HispE": 340.0, "HispM": 215.0, "summary_est": 5724.0, "summary_moe": 473.0, "Wpercent": 79.804332634521316, "Bpercent": 3.5988819007686934, "Npercent": 0.087351502445842069, "Apercent": 1.0307477288609364, "PIpercent": 0.0, "Hpercent": 5.9399021663172604 }, "geometry": { "type": "Polygon", "coordinates": [ [ [ -96.683025, 40.769568 ], [ -96.681301, 40.769467 ], [ -96.675699, 40.777137 ], [ -96.672844, 40.777121 ], [ -96.66332, 40.777099 ], [ -96.66334, 40.773476 ], [ -96.66336, 40.769809 ], [ -96.657969, 40.769785 ], [ -96.655473, 40.769773 ], [ -96.653925, 40.769765 ], [ -96.644371, 40.769725 ], [ -96.644346, 40.766113 ], [ -96.644347, 40.762936 ], [ -96.644385, 40.756362 ], [ -96.644432, 40.754756 ], [ -96.645949, 40.756367 ], [ -96.653717, 40.758932 ], [ -96.662813, 40.761836 ], [ -96.663304, 40.762134 ], [ -96.667619, 40.765672 ], [ -96.669677, 40.76661 ], [ -96.672874, 40.76709 ], [ -96.682822, 40.768125 ], [ -96.683025, 40.769568 ] ] ] } },
{ "type": "Feature", "properties": { "GEOID": "31109000600", "NAME": "Census Tract 6; Lancaster County; Nebraska", "total_popE": 5863.0, "total_popM": 210.0, "incomeE": 42021.0, "incomeM": 2107.0, "whiteE": 4801.0, "whiteM": 275.0, "blackE": 275.0, "blackM": 109.0, "nativeE": 34.0, "nativeM": 36.0, "asianE": 271.0, "asianM": 144.0, "PIE": 0.0, "PIM": 15.0, "HispE": 303.0, "HispM": 86.0, "summary_est": 5863.0, "summary_moe": 210.0, "Wpercent": 81.886406276650177, "Bpercent": 4.6904315196998123, "Npercent": 0.57990789698106771, "Apercent": 4.6222070612314514, "PIpercent": 0.0, "Hpercent": 5.1680027289783386 }, "geometry": { "type": "Polygon", "coordinates": [ [ [ -96.708428, 40.821712 ], [ -96.707181, 40.822934 ], [ -96.702163, 40.825625 ], [ -96.698992, 40.827268 ], [ -96.698126, 40.825944 ], [ -96.697325, 40.82475 ], [ -96.696075, 40.823627 ], [ -96.693245, 40.821627 ], [ -96.692585, 40.820764 ], [ -96.692282, 40.818694 ], [ -96.69385, 40.815809 ], [ -96.696732, 40.815823 ], [ -96.698174, 40.816929 ], [ -96.701134, 40.81693 ], [ -96.702569, 40.816939 ], [ -96.704516, 40.816968 ], [ -96.707123, 40.816901 ], [ -96.707489, 40.817737 ], [ -96.708517, 40.819299 ], [ -96.708428, 40.821712 ] ] ] } },
{ "type": "Feature", "properties": { "GEOID": "31109983200", "NAME": "Census Tract 9832; Lancaster County; Nebraska", "total_popE": 104.0, "total_popM": 23.0, "incomeE": null, "incomeM": null, "whiteE": 39.0, "whiteM": 25.0, "blackE": 20.0, "blackM": 20.0, "nativeE": 7.0, "nativeM": 13.0, "asianE": 0.0, "asianM": 10.0, "PIE": 0.0, "PIM": 10.0, "HispE": 23.0, "HispM": 24.0, "summary_est": 104.0, "summary_moe": 23.0, "Wpercent": 37.5, "Bpercent": 19.230769230769234, "Npercent": 6.7307692307692308, "Apercent": 0.0, "PIpercent": 0.0, "Hpercent": 22.115384615384613 }, "geometry": { "type": "Polygon", "coordinates": [ [ [ -96.787243, 40.852619 ], [ -96.787003, 40.871675 ], [ -96.787002, 40.8718 ], [ -96.7868, 40.875998 ], [ -96.784589, 40.878577 ], [ -96.782939, 40.879446 ], [ -96.781455, 40.881103 ], [ -96.780698, 40.880807 ], [ -96.776317, 40.879935 ], [ -96.764827, 40.879393 ], [ -96.764877, 40.873444 ], [ -96.760608, 40.871763 ], [ -96.747139, 40.863332 ], [ -96.745066, 40.861344 ], [ -96.74371, 40.857817 ], [ -96.743758, 40.848259 ], [ -96.743622, 40.845306 ], [ -96.742672, 40.842552 ], [ -96.739726, 40.839133 ], [ -96.742946, 40.835753 ], [ -96.745845, 40.83182 ], [ -96.747707, 40.832751 ], [ -96.753703, 40.832925 ], [ -96.755406, 40.832228 ], [ -96.757382, 40.830238 ], [ -96.757518, 40.826718 ], [ -96.757989, 40.825296 ], [ -96.761083, 40.8239 ], [ -96.763544, 40.824029 ], [ -96.764953, 40.824481 ], [ -96.766926, 40.826988 ], [ -96.766827, 40.837003 ], [ -96.76737, 40.839871 ], [ -96.769723, 40.841664 ], [ -96.774713, 40.841717 ], [ -96.779084, 40.843767 ], [ -96.779823, 40.844707 ], [ -96.779872, 40.846883 ], [ -96.787305, 40.846917 ], [ -96.787243, 40.852619 ] ] ] } },
{ "type": "Feature", "properties": { "GEOID": "31109003102", "NAME": "Census Tract 31.02; Lancaster County; Nebraska", "total_popE": 6078.0, "total_popM": 1168.0, "incomeE": 77037.0, "incomeM": 8934.0, "whiteE": 5359.0, "whiteM": 1176.0, "blackE": 333.0, "blackM": 217.0, "nativeE": 24.0, "nativeM": 33.0, "asianE": 45.0, "asianM": 62.0, "PIE": 0.0, "PIM": 15.0, "HispE": 200.0, "HispM": 174.0, "summary_est": 6078.0, "summary_moe": 1168.0, "Wpercent": 88.170450806186238, "Bpercent": 5.4787759131293186, "Npercent": 0.3948667324777887, "Apercent": 0.74037512339585387, "PIpercent": 0.0, "Hpercent": 3.2905561039815727 }, "geometry": { "type": "Polygon", "coordinates": [ [ [ -96.764827, 40.879393 ], [ -96.75907, 40.879358 ], [ -96.758828, 40.879357 ], [ -96.752876, 40.879356 ], [ -96.747285, 40.87893 ], [ -96.74398, 40.878401 ], [ -96.738978, 40.877176 ], [ -96.722759, 40.872073 ], [ -96.720899, 40.871169 ], [ -96.719559, 40.869914 ], [ -96.716086, 40.862207 ], [ -96.72097, 40.857832 ], [ -96.728741, 40.850069 ], [ -96.732825, 40.845989 ], [ -96.739452, 40.839389 ], [ -96.739726, 40.839133 ], [ -96.742672, 40.842552 ], [ -96.743622, 40.845306 ], [ -96.743758, 40.848259 ], [ -96.74371, 40.857817 ], [ -96.745066, 40.861344 ], [ -96.747139, 40.863332 ], [ -96.760608, 40.871763 ], [ -96.764877, 40.873444 ], [ -96.764827, 40.879393 ] ] ] } },
{ "type": "Feature", "properties": { "GEOID": "31109003718", "NAME": "Census Tract 37.18; Lancaster County; Nebraska", "total_popE": 3677.0, "total_popM": 686.0, "incomeE": 130554.0, "incomeM": 24514.0, "whiteE": 3248.0, "whiteM": 692.0, "blackE": 45.0, "blackM": 62.0, "nativeE": 0.0, "nativeM": 10.0, "asianE": 202.0, "asianM": 132.0, "PIE": 0.0, "PIM": 10.0, "HispE": 156.0, "HispM": 135.0, "summary_est": 3677.0, "summary_moe": 686.0, "Wpercent": 88.332880065270601, "Bpercent": 1.2238237693772096, "Npercent": 0.0, "Apercent": 5.4936089203154745, "PIpercent": 0.0, "Hpercent": 4.2425890671743263 }, "geometry": { "type": "Polygon", "coordinates": [ [ [ -96.606156, 40.769739 ], [ -96.60606, 40.779126 ], [ -96.606008, 40.784233 ], [ -96.605666, 40.784231 ], [ -96.606066, 40.791291 ], [ -96.606066, 40.791509 ], [ -96.606101, 40.798831 ], [ -96.605931, 40.808122 ], [ -96.606088, 40.813496 ], [ -96.591142, 40.813311 ], [ -96.586778, 40.813273 ], [ -96.582205, 40.813229 ], [ -96.580294, 40.81321 ], [ -96.577373, 40.813183 ], [ -96.576256, 40.81317 ], [ -96.572544, 40.813124 ], [ -96.567713, 40.813065 ], [ -96.567835, 40.784112 ], [ -96.56785, 40.780132 ], [ -96.567944, 40.755123 ], [ -96.586895, 40.755191 ], [ -96.587068, 40.755191 ], [ -96.587068, 40.755343 ], [ -96.588113, 40.755315 ], [ -96.603159, 40.755244 ], [ -96.606104, 40.755248 ], [ -96.606156, 40.769739 ] ] ] } },
{ "type": "Feature", "properties": { "GEOID": "31109002900", "NAME": "Census Tract 29; Lancaster County; Nebraska", "total_popE": 5395.0, "total_popM": 473.0, "incomeE": 52306.0, "incomeM": 12771.0, "whiteE": 3912.0, "whiteM": 529.0, "blackE": 567.0, "blackM": 360.0, "nativeE": 0.0, "nativeM": 15.0, "asianE": 205.0, "asianM": 142.0, "PIE": 0.0, "PIM": 15.0, "HispE": 507.0, "HispM": 244.0, "summary_est": 5395.0, "summary_moe": 473.0, "Wpercent": 72.511584800741417, "Bpercent": 10.509731232622798, "Npercent": 0.0, "Apercent": 3.7998146431881374, "PIpercent": 0.0, "Hpercent": 9.3975903614457827 }, "geometry": { "type": "Polygon", "coordinates": [ [ [ -96.682073, 40.842595 ], [ -96.681983, 40.857005 ], [ -96.68192, 40.865663 ], [ -96.68187, 40.874649 ], [ -96.681983, 40.886522 ], [ -96.678635, 40.888672 ], [ -96.67157, 40.893208 ], [ -96.666515, 40.896144 ], [ -96.66317, 40.89694 ], [ -96.662795, 40.896989 ], [ -96.650034, 40.897021 ], [ -96.644875, 40.897034 ], [ -96.643969, 40.897036 ], [ -96.605367, 40.897127 ], [ -96.605146, 40.893252 ], [ -96.60378, 40.890488 ], [ -96.60513, 40.888571 ], [ -96.605346, 40.885571 ], [ -96.605354, 40.885144 ], [ -96.605404, 40.881954 ], [ -96.605596, 40.878335 ], [ -96.605492, 40.878053 ], [ -96.603584, 40.87771 ], [ -96.602891, 40.877121 ], [ -96.60478, 40.876138 ], [ -96.605493, 40.875765 ], [ -96.60689, 40.875027 ], [ -96.61241, 40.872177 ], [ -96.617262, 40.869002 ], [ -96.618091, 40.86859 ], [ -96.619472, 40.868178 ], [ -96.621185, 40.868103 ], [ -96.622311, 40.868253 ], [ -96.624707, 40.868826 ], [ -96.629451, 40.869167 ], [ -96.63282, 40.868333 ], [ -96.635719, 40.866582 ], [ -96.640069, 40.860447 ], [ -96.643224, 40.857564 ], [ -96.642124, 40.857116 ], [ -96.653622, 40.85112 ], [ -96.658874, 40.84839 ], [ -96.672808, 40.841021 ], [ -96.682222, 40.836087 ], [ -96.682073, 40.842595 ] ] ] } },
{ "type": "Feature", "properties": { "GEOID": "31109003605", "NAME": "Census Tract 36.05; Lancaster County; Nebraska", "total_popE": 4178.0, "total_popM": 623.0, "incomeE": 94427.0, "incomeM": 14473.0, "whiteE": 3556.0, "whiteM": 594.0, "blackE": 158.0, "blackM": 127.0, "nativeE": 4.0, "nativeM": 7.0, "asianE": 37.0, "asianM": 41.0, "PIE": 0.0, "PIM": 10.0, "HispE": 187.0, "HispM": 95.0, "summary_est": 4178.0, "summary_moe": 623.0, "Wpercent": 85.112494016275733, "Bpercent": 3.7817137386309243, "Npercent": 0.095739588319770225, "Apercent": 0.88559119195787461, "PIpercent": 0.0, "Hpercent": 4.4758257539492581 }, "geometry": { "type": "Polygon", "coordinates": [ [ [ -96.722097, 40.755635 ], [ -96.72075, 40.755616 ], [ -96.720806, 40.770184 ], [ -96.713995, 40.77018 ], [ -96.713436, 40.770179 ], [ -96.708721, 40.77046 ], [ -96.707691, 40.771188 ], [ -96.706774, 40.773458 ], [ -96.705027, 40.77456 ], [ -96.704968, 40.774468 ], [ -96.704557, 40.772684 ], [ -96.7048, 40.771888 ], [ -96.707247, 40.768389 ], [ -96.701491, 40.767671 ], [ -96.701542, 40.771511 ], [ -96.698632, 40.770475 ], [ -96.682822, 40.768125 ], [ -96.682759, 40.767945 ], [ -96.682546, 40.76726 ], [ -96.68252, 40.763938 ], [ -96.682566, 40.755482 ], [ -96.69417, 40.755598 ], [ -96.697616, 40.755632 ], [ -96.70168, 40.755672 ], [ -96.703053, 40.755671 ], [ -96.703746, 40.755055 ], [ -96.72031, 40.74612 ], [ -96.720492, 40.746483 ], [ -96.721184, 40.748346 ], [ -96.722097, 40.755635 ] ] ] } },
{ "type": "Feature", "properties": { "GEOID": "31109003715", "NAME": "Census Tract 37.15; Lancaster County; Nebraska", "total_popE": 2233.0, "total_popM": 210.0, "incomeE": 126063.0, "incomeM": 11476.0, "whiteE": 2051.0, "whiteM": 224.0, "blackE": 92.0, "blackM": 86.0, "nativeE": 9.0, "nativeM": 13.0, "asianE": 13.0, "asianM": 19.0, "PIE": 0.0, "PIM": 10.0, "HispE": 42.0, "HispM": 31.0, "summary_est": 2233.0, "summary_moe": 210.0, "Wpercent": 91.849529780564268, "Bpercent": 4.1200179131213615, "Npercent": 0.40304523063143755, "Apercent": 0.58217644424540982, "PIpercent": 0.0, "Hpercent": 1.8808777429467085 }, "geometry": { "type": "Polygon", "coordinates": [ [ [ -96.663428, 40.732911 ], [ -96.663428, 40.732964 ], [ -96.663422, 40.740815 ], [ -96.652703, 40.740828 ], [ -96.644336, 40.740836 ], [ -96.644367, 40.727408 ], [ -96.644572, 40.727407 ], [ -96.644605, 40.726328 ], [ -96.647459, 40.72633 ], [ -96.649218, 40.726331 ], [ -96.653916, 40.726333 ], [ -96.663107, 40.726318 ], [ -96.663444, 40.726317 ], [ -96.663428, 40.732911 ] ] ] } },
{ "type": "Feature", "properties": { "GEOID": "31109003708", "NAME": "Census Tract 37.08; Lancaster County; Nebraska", "total_popE": 3756.0, "total_popM": 332.0, "incomeE": 92500.0, "incomeM": 19483.0, "whiteE": 3271.0, "whiteM": 292.0, "blackE": 35.0, "blackM": 31.0, "nativeE": 5.0, "nativeM": 8.0, "asianE": 71.0, "asianM": 95.0, "PIE": 0.0, "PIM": 10.0, "HispE": 249.0, "HispM": 142.0, "summary_est": 3756.0, "summary_moe": 332.0, "Wpercent": 87.087326943556974, "Bpercent": 0.931842385516507, "Npercent": 0.13312034078807242, "Apercent": 1.8903088391906284, "PIpercent": 0.0, "Hpercent": 6.6293929712460065 }, "geometry": { "type": "Polygon", "coordinates": [ [ [ -96.682566, 40.755482 ], [ -96.677218, 40.755433 ], [ -96.676996, 40.755431 ], [ -96.663368, 40.755366 ], [ -96.663369, 40.755267 ], [ -96.663383, 40.750026 ], [ -96.663395, 40.74658 ], [ -96.663422, 40.740815 ], [ -96.673746, 40.740884 ], [ -96.677378, 40.740827 ], [ -96.682528, 40.739568 ], [ -96.682524, 40.744981 ], [ -96.682566, 40.755482 ] ] ] } },
{ "type": "Feature", "properties": { "GEOID": "31109003726", "NAME": "Census Tract 37.26; Lancaster County; Nebraska", "total_popE": 2882.0, "total_popM": 498.0, "incomeE": 110536.0, "incomeM": 31331.0, "whiteE": 2311.0, "whiteM": 403.0, "blackE": 56.0, "blackM": 83.0, "nativeE": 0.0, "nativeM": 10.0, "asianE": 400.0, "asianM": 291.0, "PIE": 0.0, "PIM": 10.0, "HispE": 17.0, "HispM": 25.0, "summary_est": 2882.0, "summary_moe": 498.0, "Wpercent": 80.187369882026374, "Bpercent": 1.9430950728660652, "Npercent": 0.0, "Apercent": 13.879250520471894, "PIpercent": 0.0, "Hpercent": 0.58986814712005553 }, "geometry": { "type": "Polygon", "coordinates": [ [ [ -96.682519, 40.726403 ], [ -96.672972, 40.726559 ], [ -96.663444, 40.726317 ], [ -96.663107, 40.726318 ], [ -96.653916, 40.726333 ], [ -96.649218, 40.726331 ], [ -96.647459, 40.72633 ], [ -96.644605, 40.726328 ], [ -96.644369, 40.726328 ], [ -96.644374, 40.725352 ], [ -96.644379, 40.724503 ], [ -96.644383, 40.723592 ], [ -96.644389, 40.722614 ], [ -96.644398, 40.720839 ], [ -96.644407, 40.71908 ], [ -96.644419, 40.716743 ], [ -96.644426, 40.715441 ], [ -96.644407, 40.697333 ], [ -96.680972, 40.697376 ], [ -96.680986, 40.697691 ], [ -96.682496, 40.701684 ], [ -96.682505, 40.704635 ], [ -96.682509, 40.711876 ], [ -96.682519, 40.726403 ] ] ] } },
{ "type": "Feature", "properties": { "GEOID": "31109003727", "NAME": "Census Tract 37.27; Lancaster County; Nebraska", "total_popE": 2567.0, "total_popM": 324.0, "incomeE": 123350.0, "incomeM": 5910.0, "whiteE": 2271.0, "whiteM": 362.0, "blackE": 107.0, "blackM": 109.0, "nativeE": 0.0, "nativeM": 10.0, "asianE": 56.0, "asianM": 82.0, "PIE": 0.0, "PIM": 10.0, "HispE": 116.0, "HispM": 135.0, "summary_est": 2567.0, "summary_moe": 324.0, "Wpercent": 88.469029996104396, "Bpercent": 4.168289832489287, "Npercent": 0.0, "Apercent": 2.1815348656018698, "PIpercent": 0.0, "Hpercent": 4.5188936501753023 }, "geometry": { "type": "Polygon", "coordinates": [ [ [ -96.606034, 40.820713 ], [ -96.605949, 40.828009 ], [ -96.601174, 40.827975 ], [ -96.586887, 40.82784 ], [ -96.57422, 40.827616 ], [ -96.56763, 40.827493 ], [ -96.56765, 40.823887 ], [ -96.567696, 40.820281 ], [ -96.567713, 40.813065 ], [ -96.572544, 40.813124 ], [ -96.576256, 40.81317 ], [ -96.577373, 40.813183 ], [ -96.580294, 40.81321 ], [ -96.582205, 40.813229 ], [ -96.586778, 40.813273 ], [ -96.591142, 40.813311 ], [ -96.606088, 40.813496 ], [ -96.606034, 40.820713 ] ] ] } },
{ "type": "Feature", "properties": { "GEOID": "31109003005", "NAME": "Census Tract 30.05; Lancaster County; Nebraska", "total_popE": 4716.0, "total_popM": 500.0, "incomeE": 64386.0, "incomeM": 8720.0, "whiteE": 3430.0, "whiteM": 593.0, "blackE": 90.0, "blackM": 76.0, "nativeE": 0.0, "nativeM": 10.0, "asianE": 926.0, "asianM": 311.0, "PIE": 0.0, "PIM": 10.0, "HispE": 34.0, "HispM": 43.0, "summary_est": 4716.0, "summary_moe": 500.0, "Wpercent": 72.731128074639528, "Bpercent": 1.9083969465648856, "Npercent": 0.0, "Apercent": 19.635284139100932, "PIpercent": 0.0, "Hpercent": 0.72094995759117897 }, "geometry": { "type": "Polygon", "coordinates": [ [ [ -96.716086, 40.862207 ], [ -96.710665, 40.86565 ], [ -96.701095, 40.870715 ], [ -96.701086, 40.868201 ], [ -96.698211, 40.868699 ], [ -96.696938, 40.867155 ], [ -96.691971, 40.866859 ], [ -96.690724, 40.866833 ], [ -96.689357, 40.866646 ], [ -96.688262, 40.866138 ], [ -96.685823, 40.865344 ], [ -96.68192, 40.865663 ], [ -96.681983, 40.857005 ], [ -96.69105, 40.85719 ], [ -96.691527, 40.8572 ], [ -96.700866, 40.857395 ], [ -96.701075, 40.857282 ], [ -96.707933, 40.857305 ], [ -96.710676, 40.855711 ], [ -96.713168, 40.855151 ], [ -96.716086, 40.862207 ] ] ] } },
{ "type": "Feature", "properties": { "GEOID": "31109003402", "NAME": "Census Tract 34.02; Lancaster County; Nebraska", "total_popE": 6263.0, "total_popM": 861.0, "incomeE": 53673.0, "incomeM": 14451.0, "whiteE": 4878.0, "whiteM": 885.0, "blackE": 355.0, "blackM": 285.0, "nativeE": 0.0, "nativeM": 15.0, "asianE": 130.0, "asianM": 147.0, "PIE": 0.0, "PIM": 15.0, "HispE": 376.0, "HispM": 318.0, "summary_est": 6263.0, "summary_moe": 861.0, "Wpercent": 77.885997125977966, "Bpercent": 5.6682101229442763, "Npercent": 0.0, "Apercent": 2.0756825802331154, "PIpercent": 0.0, "Hpercent": 6.0035126935973171 }, "geometry": { "type": "Polygon", "coordinates": [ [ [ -96.753283, 40.809953 ], [ -96.735648, 40.811798 ], [ -96.733859, 40.812916 ], [ -96.733667, 40.813079 ], [ -96.733089, 40.813774 ], [ -96.723116, 40.813711 ], [ -96.723505, 40.807466 ], [ -96.724359, 40.80658 ], [ -96.724149, 40.804399 ], [ -96.72527, 40.802473 ], [ -96.723627, 40.799113 ], [ -96.723376, 40.797718 ], [ -96.72512, 40.788146 ], [ -96.72771, 40.788132 ], [ -96.730335, 40.787463 ], [ -96.735756, 40.785532 ], [ -96.738015, 40.784766 ], [ -96.73872, 40.784628 ], [ -96.739816, 40.78458 ], [ -96.749349, 40.784597 ], [ -96.749352, 40.786549 ], [ -96.74936, 40.791901 ], [ -96.749368, 40.79923 ], [ -96.748885, 40.800651 ], [ -96.748435, 40.801014 ], [ -96.744743, 40.802668 ], [ -96.748038, 40.803708 ], [ -96.749383, 40.804516 ], [ -96.750029, 40.805133 ], [ -96.753283, 40.809953 ] ] ] } },
{ "type": "Feature", "properties": { "GEOID": "31109010203", "NAME": "Census Tract 102.03; Lancaster County; Nebraska", "total_popE": 1883.0, "total_popM": 649.0, "incomeE": 105208.0, "incomeM": 64538.0, "whiteE": 1731.0, "whiteM": 646.0, "blackE": 0.0, "blackM": 10.0, "nativeE": 0.0, "nativeM": 10.0, "asianE": 70.0, "asianM": 87.0, "PIE": 0.0, "PIM": 10.0, "HispE": 82.0, "HispM": 78.0, "summary_est": 1883.0, "summary_moe": 649.0, "Wpercent": 91.92777482740307, "Bpercent": 0.0, "Npercent": 0.0, "Apercent": 3.7174721189591078, "PIpercent": 0.0, "Hpercent": 4.3547530536378121 }, "geometry": { "type": "Polygon", "coordinates": [ [ [ -96.758988, 40.880743 ], [ -96.75833, 40.883284 ], [ -96.758383, 40.900813 ], [ -96.748758, 40.900784 ], [ -96.739127, 40.900755 ], [ -96.719893, 40.900716 ], [ -96.720044, 40.886359 ], [ -96.720047, 40.886168 ], [ -96.720169, 40.875354 ], [ -96.720188, 40.873559 ], [ -96.720209, 40.871675 ], [ -96.720899, 40.871169 ], [ -96.722759, 40.872073 ], [ -96.738978, 40.877176 ], [ -96.74398, 40.878401 ], [ -96.747285, 40.87893 ], [ -96.752876, 40.879356 ], [ -96.758828, 40.879357 ], [ -96.75895, 40.880285 ], [ -96.758988, 40.880743 ] ] ] } },
{ "type": "Feature", "properties": { "GEOID": "31109000500", "NAME": "Census Tract 5; Lancaster County; Nebraska", "total_popE": 2453.0, "total_popM": 394.0, "incomeE": 39476.0, "incomeM": 16437.0, "whiteE": 1615.0, "whiteM": 293.0, "blackE": 212.0, "blackM": 108.0, "nativeE": 7.0, "nativeM": 7.0, "asianE": 107.0, "asianM": 78.0, "PIE": 0.0, "PIM": 10.0, "HispE": 246.0, "HispM": 109.0, "summary_est": 2453.0, "summary_moe": 394.0, "Wpercent": 65.83774969425194, "Bpercent": 8.6424785976355487, "Npercent": 0.28536485935589079, "Apercent": 4.362005707297187, "PIpercent": 0.0, "Hpercent": 10.028536485935589 }, "geometry": { "type": "Polygon", "coordinates": [ [ [ -96.722808, 40.816785 ], [ -96.718173, 40.821258 ], [ -96.717561, 40.824535 ], [ -96.716597, 40.825907 ], [ -96.712165, 40.828701 ], [ -96.70773, 40.831701 ], [ -96.701313, 40.83413 ], [ -96.700877, 40.83067 ], [ -96.698992, 40.827268 ], [ -96.702163, 40.825625 ], [ -96.707181, 40.822934 ], [ -96.708428, 40.821712 ], [ -96.708517, 40.819299 ], [ -96.707489, 40.817737 ], [ -96.707123, 40.816901 ], [ -96.708463, 40.81696 ], [ -96.708479, 40.813671 ], [ -96.713891, 40.813688 ], [ -96.723116, 40.813711 ], [ -96.722808, 40.816785 ] ] ] } },
{ "type": "Feature", "properties": { "GEOID": "31109001800", "NAME": "Census Tract 18; Lancaster County; Nebraska", "total_popE": 2336.0, "total_popM": 417.0, "incomeE": 27014.0, "incomeM": 5101.0, "whiteE": 1530.0, "whiteM": 299.0, "blackE": 149.0, "blackM": 155.0, "nativeE": 4.0, "nativeM": 8.0, "asianE": 246.0, "asianM": 157.0, "PIE": 0.0, "PIM": 10.0, "HispE": 267.0, "HispM": 142.0, "summary_est": 2336.0, "summary_moe": 417.0, "Wpercent": 65.496575342465761, "Bpercent": 6.3784246575342474, "Npercent": 0.17123287671232876, "Apercent": 10.53082191780822, "PIpercent": 0.0, "Hpercent": 11.429794520547945 }, "geometry": { "type": "Polygon", "coordinates": [ [ [ -96.696732, 40.815823 ], [ -96.69385, 40.815809 ], [ -96.682396, 40.815759 ], [ -96.682406, 40.813583 ], [ -96.682407, 40.813471 ], [ -96.682413, 40.812419 ], [ -96.68245, 40.806209 ], [ -96.685994, 40.805976 ], [ -96.686434, 40.805575 ], [ -96.687255, 40.806397 ], [ -96.687831, 40.808073 ], [ -96.688949, 40.809007 ], [ -96.690663, 40.809158 ], [ -96.696769, 40.809176 ], [ -96.696732, 40.815823 ] ] ] } },
{ "type": "Feature", "properties": { "GEOID": "31109002800", "NAME": "Census Tract 28; Lancaster County; Nebraska", "total_popE": 5192.0, "total_popM": 696.0, "incomeE": 71463.0, "incomeM": 17308.0, "whiteE": 4635.0, "whiteM": 644.0, "blackE": 85.0, "blackM": 113.0, "nativeE": 0.0, "nativeM": 15.0, "asianE": 56.0, "asianM": 63.0, "PIE": 0.0, "PIM": 15.0, "HispE": 165.0, "HispM": 180.0, "summary_est": 5192.0, "summary_moe": 696.0, "Wpercent": 89.271956856702616, "Bpercent": 1.6371340523882898, "Npercent": 0.0, "Apercent": 1.078582434514638, "PIpercent": 0.0, "Hpercent": 3.1779661016949152 }, "geometry": { "type": "Polygon", "coordinates": [ [ [ -96.715492, 40.785456 ], [ -96.712927, 40.784761 ], [ -96.707118, 40.78464 ], [ -96.706269, 40.784555 ], [ -96.699205, 40.784477 ], [ -96.696827, 40.78447 ], [ -96.692058, 40.784456 ], [ -96.692066, 40.780937 ], [ -96.692075, 40.77731 ], [ -96.675699, 40.777137 ], [ -96.681301, 40.769467 ], [ -96.683025, 40.769568 ], [ -96.682822, 40.768125 ], [ -96.698632, 40.770475 ], [ -96.701542, 40.771511 ], [ -96.703841, 40.773178 ], [ -96.704968, 40.774468 ], [ -96.705027, 40.77456 ], [ -96.705107, 40.774658 ], [ -96.709928, 40.78104 ], [ -96.714909, 40.784498 ], [ -96.715492, 40.785456 ] ] ] } },
{ "type": "Feature", "properties": { "GEOID": "31109003302", "NAME": "Census Tract 33.02; Lancaster County; Nebraska", "total_popE": 5572.0, "total_popM": 852.0, "incomeE": 102000.0, "incomeM": 16506.0, "whiteE": 3923.0, "whiteM": 871.0, "blackE": 303.0, "blackM": 155.0, "nativeE": 17.0, "nativeM": 23.0, "asianE": 182.0, "asianM": 142.0, "PIE": 0.0, "PIM": 15.0, "HispE": 871.0, "HispM": 255.0, "summary_est": 5572.0, "summary_moe": 852.0, "Wpercent": 70.405599425699933, "Bpercent": 5.4379038047379762, "Npercent": 0.30509691313711418, "Apercent": 3.2663316582914574, "PIpercent": 0.0, "Hpercent": 15.63173007896626 }, "geometry": { "type": "Polygon", "coordinates": [ [ [ -96.796333, 40.799193 ], [ -96.796299, 40.808242 ], [ -96.796343, 40.817903 ], [ -96.79625, 40.828245 ], [ -96.796219, 40.831882 ], [ -96.79613, 40.842758 ], [ -96.787349, 40.842783 ], [ -96.787305, 40.846917 ], [ -96.779872, 40.846883 ], [ -96.779823, 40.844707 ], [ -96.779084, 40.843767 ], [ -96.774713, 40.841717 ], [ -96.769723, 40.841664 ], [ -96.76737, 40.839871 ], [ -96.766827, 40.837003 ], [ -96.766926, 40.826988 ], [ -96.764953, 40.824481 ], [ -96.763544, 40.824029 ], [ -96.761083, 40.8239 ], [ -96.757989, 40.825296 ], [ -96.757518, 40.826718 ], [ -96.757382, 40.830238 ], [ -96.755406, 40.832228 ], [ -96.753703, 40.832925 ], [ -96.747707, 40.832751 ], [ -96.745845, 40.83182 ], [ -96.752999, 40.821416 ], [ -96.754466, 40.819316 ], [ -96.754939, 40.818794 ], [ -96.756483, 40.817626 ], [ -96.755126, 40.813822 ], [ -96.753726, 40.810608 ], [ -96.753283, 40.809953 ], [ -96.757775, 40.809538 ], [ -96.774306, 40.808772 ], [ -96.778701, 40.807867 ], [ -96.784507, 40.806586 ], [ -96.78799, 40.804837 ], [ -96.790872, 40.80223 ], [ -96.792583, 40.799185 ], [ -96.796422, 40.790496 ], [ -96.796333, 40.799193 ] ] ] } },
{ "type": "Feature", "properties": { "GEOID": "31109010100", "NAME": "Census Tract 101; Lancaster County; Nebraska", "total_popE": 7377.0, "total_popM": 563.0, "incomeE": 105481.0, "incomeM": 15169.0, "whiteE": 6897.0, "whiteM": 574.0, "blackE": 2.0, "blackM": 4.0, "nativeE": 3.0, "nativeM": 5.0, "asianE": 0.0, "asianM": 15.0, "PIE": 0.0, "PIM": 15.0, "HispE": 296.0, "HispM": 231.0, "summary_est": 7377.0, "summary_moe": 563.0, "Wpercent": 93.493289955266363, "Bpercent": 0.027111291853056795, "Npercent": 0.040666937779585195, "Apercent": 0.0, "PIpercent": 0.0, "Hpercent": 4.0124711942524058 }, "geometry": { "type": "Polygon", "coordinates": [ [ [ -96.682519, 40.893306 ], [ -96.681811, 40.8933 ], [ -96.681033, 40.896419 ], [ -96.681754, 40.90112 ], [ -96.681649, 40.915068 ], [ -96.681336, 40.95861 ], [ -96.681342, 40.965768 ], [ -96.681352, 40.976648 ], [ -96.681355, 40.980281 ], [ -96.681361, 40.987529 ], [ -96.681364, 40.991152 ], [ -96.681366, 40.994755 ], [ -96.681372, 41.002006 ], [ -96.681403, 41.045657 ], [ -96.67897, 41.045653 ], [ -96.658708, 41.045602 ], [ -96.656551, 41.045384 ], [ -96.654782, 41.045693 ], [ -96.652476, 41.045569 ], [ -96.60111, 41.045444 ], [ -96.592778, 41.045396 ], [ -96.583157, 41.045404 ], [ -96.563918, 41.045342 ], [ -96.563469, 41.045342 ], [ -96.526151, 41.045258 ], [ -96.502152, 41.045206 ], [ -96.50013, 41.045304 ], [ -96.482991, 41.045165 ], [ -96.473435, 41.045117 ], [ -96.463869, 41.045083 ], [ -96.463866, 41.030572 ], [ -96.463868, 41.023329 ], [ -96.463861, 41.016069 ], [ -96.463833, 40.976159 ], [ -96.463742, 40.957877 ], [ -96.463833, 40.950741 ], [ -96.463737, 40.943493 ], [ -96.463714, 40.885478 ], [ -96.463714, 40.870979 ], [ -96.463714, 40.870951 ], [ -96.463722, 40.841968 ], [ -96.463764, 40.78396 ], [ -96.541792, 40.784082 ], [ -96.558956, 40.784102 ], [ -96.567835, 40.784112 ], [ -96.567713, 40.813065 ], [ -96.567696, 40.820281 ], [ -96.56765, 40.823887 ], [ -96.56763, 40.827493 ], [ -96.567506, 40.870863 ], [ -96.567479, 40.88526 ], [ -96.567443, 40.89157 ], [ -96.567476, 40.894161 ], [ -96.567143, 40.895844 ], [ -96.570024, 40.896922 ], [ -96.573335, 40.897697 ], [ -96.575234, 40.897773 ], [ -96.598273, 40.89699 ], [ -96.605367, 40.897127 ], [ -96.643969, 40.897036 ], [ -96.644875, 40.897034 ], [ -96.650034, 40.897021 ], [ -96.662795, 40.896989 ], [ -96.66317, 40.89694 ], [ -96.666515, 40.896144 ], [ -96.67157, 40.893208 ], [ -96.678635, 40.888672 ], [ -96.681983, 40.886522 ], [ -96.682128, 40.88643 ], [ -96.682519, 40.893306 ] ] ] } },
{ "type": "Feature", "properties": { "GEOID": "31109010401", "NAME": "Census Tract 104.01; Lancaster County; Nebraska", "total_popE": 4651.0, "total_popM": 448.0, "incomeE": 103573.0, "incomeM": 6620.0, "whiteE": 4513.0, "whiteM": 443.0, "blackE": 8.0, "blackM": 12.0, "nativeE": 0.0, "nativeM": 10.0, "asianE": 0.0, "asianM": 10.0, "PIE": 0.0, "PIM": 10.0, "HispE": 58.0, "HispM": 43.0, "summary_est": 4651.0, "summary_moe": 448.0, "Wpercent": 97.032896151365293, "Bpercent": 0.17200602021070738, "Npercent": 0.0, "Apercent": 0.0, "PIpercent": 0.0, "Hpercent": 1.2470436465276284 }, "geometry": { "type": "Polygon", "coordinates": [ [ [ -96.690292, 40.693767 ], [ -96.690247, 40.695715 ], [ -96.69021, 40.697386 ], [ -96.688484, 40.697384 ], [ -96.688173, 40.697383 ], [ -96.682335, 40.697377 ], [ -96.681469, 40.697377 ], [ -96.680972, 40.697376 ], [ -96.644407, 40.697333 ], [ -96.628523, 40.697315 ], [ -96.622735, 40.697305 ], [ -96.615818, 40.697295 ], [ -96.606282, 40.697279 ], [ -96.572059, 40.697215 ], [ -96.572295, 40.684445 ], [ -96.5723, 40.683287 ], [ -96.57231, 40.676044 ], [ -96.572505, 40.668799 ], [ -96.572356, 40.64717 ], [ -96.57241, 40.639942 ], [ -96.572531, 40.618218 ], [ -96.591221, 40.618235 ], [ -96.591161, 40.610991 ], [ -96.591914, 40.596147 ], [ -96.591804, 40.581675 ], [ -96.686259, 40.581308 ], [ -96.686911, 40.610299 ], [ -96.685796, 40.679215 ], [ -96.685974, 40.679218 ], [ -96.690599, 40.679282 ], [ -96.690292, 40.693767 ] ] ] } },
{ "type": "Feature", "properties": { "GEOID": "31109002200", "NAME": "Census Tract 22; Lancaster County; Nebraska", "total_popE": 5678.0, "total_popM": 841.0, "incomeE": 64050.0, "incomeM": 12628.0, "whiteE": 3401.0, "whiteM": 707.0, "blackE": 569.0, "blackM": 343.0, "nativeE": 59.0, "nativeM": 49.0, "asianE": 157.0, "asianM": 205.0, "PIE": 0.0, "PIM": 15.0, "HispE": 1225.0, "HispM": 569.0, "summary_est": 5678.0, "summary_moe": 841.0, "Wpercent": 59.89785135611131, "Bpercent": 10.021134202183868, "Npercent": 1.0390982740401549, "Apercent": 2.7650581190560057, "PIpercent": 0.0, "Hpercent": 21.574498062698133 }, "geometry": { "type": "Polygon", "coordinates": [ [ [ -96.72512, 40.788146 ], [ -96.723376, 40.797718 ], [ -96.723627, 40.799113 ], [ -96.717413, 40.798892 ], [ -96.716331, 40.798946 ], [ -96.714217, 40.799239 ], [ -96.708581, 40.79922 ], [ -96.7071, 40.799214 ], [ -96.702635, 40.799198 ], [ -96.701399, 40.799194 ], [ -96.69684, 40.799179 ], [ -96.696654, 40.799135 ], [ -96.696745, 40.791757 ], [ -96.696827, 40.78447 ], [ -96.699205, 40.784477 ], [ -96.706269, 40.784555 ], [ -96.707118, 40.78464 ], [ -96.712927, 40.784761 ], [ -96.715492, 40.785456 ], [ -96.723999, 40.787959 ], [ -96.72512, 40.788146 ] ] ] } },
{ "type": "Feature", "properties": { "GEOID": "31109003728", "NAME": "Census Tract 37.28; Lancaster County; Nebraska", "total_popE": 4812.0, "total_popM": 763.0, "incomeE": 82283.0, "incomeM": 18778.0, "whiteE": 3909.0, "whiteM": 768.0, "blackE": 118.0, "blackM": 104.0, "nativeE": 8.0, "nativeM": 14.0, "asianE": 249.0, "asianM": 248.0, "PIE": 0.0, "PIM": 10.0, "HispE": 270.0, "HispM": 183.0, "summary_est": 4812.0, "summary_moe": 763.0, "Wpercent": 81.234413965087285, "Bpercent": 2.4522028262676643, "Npercent": 0.16625103906899419, "Apercent": 5.1745635910224435, "PIpercent": 0.0, "Hpercent": 5.6109725685785534 }, "geometry": { "type": "Polygon", "coordinates": [ [ [ -96.60689, 40.875027 ], [ -96.605493, 40.875765 ], [ -96.60478, 40.876138 ], [ -96.602891, 40.877121 ], [ -96.603584, 40.87771 ], [ -96.605492, 40.878053 ], [ -96.605596, 40.878335 ], [ -96.605404, 40.881954 ], [ -96.605354, 40.885144 ], [ -96.605346, 40.885571 ], [ -96.60513, 40.888571 ], [ -96.60378, 40.890488 ], [ -96.605146, 40.893252 ], [ -96.605367, 40.897127 ], [ -96.598273, 40.89699 ], [ -96.575234, 40.897773 ], [ -96.573335, 40.897697 ], [ -96.570024, 40.896922 ], [ -96.567143, 40.895844 ], [ -96.567476, 40.894161 ], [ -96.567443, 40.89157 ], [ -96.567479, 40.88526 ], [ -96.567506, 40.870863 ], [ -96.56763, 40.827493 ], [ -96.57422, 40.827616 ], [ -96.586887, 40.82784 ], [ -96.601174, 40.827975 ], [ -96.605949, 40.828009 ], [ -96.605933, 40.835308 ], [ -96.605912, 40.8426 ], [ -96.605793, 40.851578 ], [ -96.605716, 40.857091 ], [ -96.605706, 40.85811 ], [ -96.605667, 40.862328 ], [ -96.60565, 40.864306 ], [ -96.605591, 40.871096 ], [ -96.605762, 40.87355 ], [ -96.60689, 40.875027 ] ] ] } },
{ "type": "Feature", "properties": { "GEOID": "31109002100", "NAME": "Census Tract 21; Lancaster County; Nebraska", "total_popE": 2483.0, "total_popM": 417.0, "incomeE": 44412.0, "incomeM": 7184.0, "whiteE": 1544.0, "whiteM": 361.0, "blackE": 22.0, "blackM": 24.0, "nativeE": 30.0, "nativeM": 33.0, "asianE": 136.0, "asianM": 120.0, "PIE": 0.0, "PIM": 10.0, "HispE": 631.0, "HispM": 170.0, "summary_est": 2483.0, "summary_moe": 417.0, "Wpercent": 62.182843334675795, "Bpercent": 0.88602496979460332, "Npercent": 1.2082158679017316, "Apercent": 5.4772452678211838, "PIpercent": 0.0, "Hpercent": 25.412807088199756 }, "geometry": { "type": "Polygon", "coordinates": [ [ [ -96.724149, 40.804399 ], [ -96.724359, 40.80658 ], [ -96.723505, 40.807466 ], [ -96.723116, 40.813711 ], [ -96.713891, 40.813688 ], [ -96.708479, 40.813671 ], [ -96.708502, 40.809212 ], [ -96.708514, 40.806956 ], [ -96.708541, 40.803666 ], [ -96.708581, 40.79922 ], [ -96.714217, 40.799239 ], [ -96.716331, 40.798946 ], [ -96.717413, 40.798892 ], [ -96.723627, 40.799113 ], [ -96.72527, 40.802473 ], [ -96.724149, 40.804399 ] ] ] } },
{ "type": "Feature", "properties": { "GEOID": "31109003104", "NAME": "Census Tract 31.04; Lancaster County; Nebraska", "total_popE": 5693.0, "total_popM": 912.0, "incomeE": 53247.0, "incomeM": 9147.0, "whiteE": 3620.0, "whiteM": 657.0, "blackE": 210.0, "blackM": 139.0, "nativeE": 62.0, "nativeM": 53.0, "asianE": 110.0, "asianM": 94.0, "PIE": 0.0, "PIM": 15.0, "HispE": 1409.0, "HispM": 441.0, "summary_est": 5693.0, "summary_moe": 912.0, "Wpercent": 63.586861057438959, "Bpercent": 3.6887405585807129, "Npercent": 1.0890567363428771, "Apercent": 1.9321974354470404, "PIpercent": 0.0, "Hpercent": 24.749692604953452 }, "geometry": { "type": "Polygon", "coordinates": [ [ [ -96.745845, 40.83182 ], [ -96.742946, 40.835753 ], [ -96.739726, 40.839133 ], [ -96.739452, 40.839389 ], [ -96.732825, 40.845989 ], [ -96.728741, 40.850069 ], [ -96.72097, 40.857832 ], [ -96.719805, 40.857149 ], [ -96.720264, 40.856626 ], [ -96.720311, 40.848449 ], [ -96.720332, 40.84406 ], [ -96.720167, 40.843523 ], [ -96.720338, 40.843387 ], [ -96.720225, 40.843207 ], [ -96.720335, 40.842825 ], [ -96.720356, 40.839414 ], [ -96.720401, 40.831928 ], [ -96.730462, 40.829793 ], [ -96.73197, 40.829674 ], [ -96.737459, 40.830079 ], [ -96.744768, 40.831195 ], [ -96.745845, 40.83182 ] ] ] } },
{ "type": "Feature", "properties": { "GEOID": "31109010202", "NAME": "Census Tract 102.02; Lancaster County; Nebraska", "total_popE": 4639.0, "total_popM": 363.0, "incomeE": 105606.0, "incomeM": 14138.0, "whiteE": 4353.0, "whiteM": 380.0, "blackE": 7.0, "blackM": 17.0, "nativeE": 0.0, "nativeM": 10.0, "asianE": 136.0, "asianM": 129.0, "PIE": 4.0, "PIM": 9.0, "HispE": 68.0, "HispM": 60.0, "summary_est": 4639.0, "summary_moe": 363.0, "Wpercent": 93.834878206510012, "Bpercent": 0.15089458935115327, "Npercent": 0.0, "Apercent": 2.9316663073938347, "PIpercent": 0.086225479629230439, "Hpercent": 1.4658331536969174 }, "geometry": { "type": "Polygon", "coordinates": [ [ [ -96.91094, 41.046116 ], [ -96.908507, 41.046091 ], [ -96.906551, 41.046096 ], [ -96.903322, 41.04609 ], [ -96.881917, 41.046046 ], [ -96.87787, 41.045775 ], [ -96.870473, 41.046054 ], [ -96.860781, 41.045891 ], [ -96.852702, 41.046028 ], [ -96.825952, 41.045953 ], [ -96.812936, 41.045908 ], [ -96.795561, 41.045885 ], [ -96.793781, 41.045894 ], [ -96.701261, 41.045707 ], [ -96.699861, 41.045834 ], [ -96.697613, 41.045691 ], [ -96.681403, 41.045657 ], [ -96.681372, 41.002006 ], [ -96.681366, 40.994755 ], [ -96.681364, 40.991152 ], [ -96.681361, 40.987529 ], [ -96.681355, 40.980281 ], [ -96.681352, 40.976648 ], [ -96.681342, 40.965768 ], [ -96.681336, 40.95861 ], [ -96.681649, 40.915068 ], [ -96.681754, 40.90112 ], [ -96.681033, 40.896419 ], [ -96.681811, 40.8933 ], [ -96.682519, 40.893306 ], [ -96.687616, 40.893341 ], [ -96.691394, 40.893367 ], [ -96.69636, 40.893402 ], [ -96.701035, 40.893434 ], [ -96.701024, 40.894056 ], [ -96.700911, 40.900662 ], [ -96.719893, 40.900716 ], [ -96.739127, 40.900755 ], [ -96.748758, 40.900784 ], [ -96.758383, 40.900813 ], [ -96.75833, 40.883284 ], [ -96.758988, 40.880743 ], [ -96.75895, 40.880285 ], [ -96.758828, 40.879357 ], [ -96.75907, 40.879358 ], [ -96.764827, 40.879393 ], [ -96.776317, 40.879935 ], [ -96.780698, 40.880807 ], [ -96.781455, 40.881103 ], [ -96.782939, 40.879446 ], [ -96.784589, 40.878577 ], [ -96.7868, 40.875998 ], [ -96.787002, 40.8718 ], [ -96.795907, 40.871813 ], [ -96.795908, 40.871692 ], [ -96.795971, 40.864547 ], [ -96.796017, 40.857274 ], [ -96.805534, 40.857308 ], [ -96.805685, 40.857308 ], [ -96.815173, 40.857342 ], [ -96.815221, 40.850044 ], [ -96.815245, 40.846416 ], [ -96.815269, 40.842845 ], [ -96.805688, 40.842803 ], [ -96.797332, 40.842762 ], [ -96.79613, 40.842758 ], [ -96.796219, 40.831882 ], [ -96.79625, 40.828245 ], [ -96.796343, 40.817903 ], [ -96.796299, 40.808242 ], [ -96.796333, 40.799193 ], [ -96.796422, 40.790496 ], [ -96.79655, 40.784667 ], [ -96.824514, 40.784735 ], [ -96.834794, 40.784761 ], [ -96.84441, 40.784803 ], [ -96.853897, 40.784843 ], [ -96.863443, 40.784859 ], [ -96.910751, 40.784944 ], [ -96.910757, 40.799368 ], [ -96.910658, 40.820585 ], [ -96.910619, 40.828445 ], [ -96.910616, 40.829415 ], [ -96.910559, 40.857474 ], [ -96.910528, 40.864481 ], [ -96.910495, 40.871999 ], [ -96.910505, 40.879269 ], [ -96.910516, 40.886476 ], [ -96.910535, 40.904408 ], [ -96.910545, 40.915487 ], [ -96.91056, 40.926214 ], [ -96.910599, 40.958407 ], [ -96.910599, 40.958946 ], [ -96.910645, 40.97355 ], [ -96.910666, 40.980633 ], [ -96.910678, 40.984518 ], [ -96.910689, 40.987993 ], [ -96.910777, 41.016891 ], [ -96.91094, 41.046116 ] ] ] } },
{ "type": "Feature", "properties": { "GEOID": "31109003721", "NAME": "Census Tract 37.21; Lancaster County; Nebraska", "total_popE": 3978.0, "total_popM": 346.0, "incomeE": 103250.0, "incomeM": 18004.0, "whiteE": 3214.0, "whiteM": 444.0, "blackE": 0.0, "blackM": 10.0, "nativeE": 0.0, "nativeM": 10.0, "asianE": 210.0, "asianM": 168.0, "PIE": 0.0, "PIM": 10.0, "HispE": 432.0, "HispM": 305.0, "summary_est": 3978.0, "summary_moe": 346.0, "Wpercent": 80.794369029663144, "Bpercent": 0.0, "Npercent": 0.0, "Apercent": 5.2790346907993966, "PIpercent": 0.0, "Hpercent": 10.859728506787331 }, "geometry": { "type": "Polygon", "coordinates": [ [ [ -96.625222, 40.77715 ], [ -96.62515, 40.784285 ], [ -96.624995, 40.784285 ], [ -96.618633, 40.784268 ], [ -96.61193, 40.78425 ], [ -96.606008, 40.784233 ], [ -96.60606, 40.779126 ], [ -96.606156, 40.769739 ], [ -96.618658, 40.76968 ], [ -96.625272, 40.769693 ], [ -96.625222, 40.77715 ] ] ] } }
]
}
